{
	"format_version": "1.9.0",
	"credit": "Made with Blockbench",
	"texture_size": [32, 32],
	"elements": [
		{
			"from": [6.5, -14.5, 6.5],
			"to": [9.5, 9.5, 9.5],
			"rotation": {"angle": 0, "axis": "y", "origin": [8, -13, 8]},
			"faces": {
				"north": {"uv": [0, 0, 3, 16], "texture": "#3"},
				"east": {"uv": [3, 0, 6, 16], "texture": "#3"},
				"south": {"uv": [6, 0, 9, 16], "texture": "#3"},
				"west": {"uv": [9, 0, 12, 16], "texture": "#3"},
				"up": {"uv": [15, 7, 12, 4], "texture": "#3"},
				"down": {"uv": [15, 0, 12, 3], "texture": "#3"}
			}
		},
		{
			"from": [5.025, 8.15, 5],
			"to": [11.025, 14.15, 11],
			"rotation": {"angle": 0, "axis": "y", "origin": [8, 11.75, 8]},
			"faces": {
				"north": {"uv": [0, 0, 3, 3], "texture": "#6"},
				"east": {"uv": [0, 3, 3, 6], "texture": "#6"},
				"south": {"uv": [3, 0, 6, 3], "texture": "#6"},
				"west": {"uv": [3, 3, 6, 6], "texture": "#6"},
				"up": {"uv": [3, 9, 0, 6], "texture": "#6"},
				"down": {"uv": [9, 0, 6, 3], "texture": "#6"}
			}
		},
		{
			"from": [5, 8.65, 5.5],
			"to": [11.05, 13.65, 10.5],
			"rotation": {"angle": 0, "axis": "y", "origin": [8, 11.75, 8]},
			"faces": {
				"north": {"uv": [0, 0, 0, 0], "texture": "#4"},
				"east": {"uv": [0, 0, 16, 16], "texture": "#4"},
				"south": {"uv": [0, 0, 0, 0], "texture": "#4"},
				"west": {"uv": [0, 0, 16, 16], "texture": "#4"},
				"up": {"uv": [0, 0, 0, 0], "texture": "#4"},
				"down": {"uv": [0, 0, 0, 0], "texture": "#4"}
			}
		},
		{
			"from": [6, 9.25, 11],
			"to": [10, 14.25, 13.5],
			"rotation": {"angle": 0, "axis": "y", "origin": [8, 11.25, 11.75]},
			"faces": {
				"north": {"uv": [12.5, 2.5, 10.5, 4.5], "rotation": 180, "texture": "#6"},
				"east": {"uv": [0, 12.5, 2, 13.5], "rotation": 270, "texture": "#6"},
				"south": {"uv": [11, 12, 9, 10], "texture": "#6"},
				"west": {"uv": [12.5, 3, 14.5, 4], "rotation": 90, "texture": "#6"},
				"up": {"uv": [10.5, 12, 12.5, 13], "rotation": 180, "texture": "#6"},
				"down": {"uv": [12.5, 2, 14.5, 3], "texture": "#6"}
			}
		},
		{
			"from": [6, 9.25, 2.5],
			"to": [10, 14.25, 5],
			"rotation": {"angle": 0, "axis": "y", "origin": [8, 11.25, 4.25]},
			"faces": {
				"north": {"uv": [12.5, 2.5, 10.5, 4.5], "rotation": 180, "texture": "#6"},
				"east": {"uv": [0, 12.5, 2, 13.5], "rotation": 270, "texture": "#6"},
				"south": {"uv": [11, 12, 9, 10], "texture": "#6"},
				"west": {"uv": [12.5, 3, 14.5, 4], "rotation": 90, "texture": "#6"},
				"up": {"uv": [10.5, 12, 12.5, 13], "rotation": 180, "texture": "#6"},
				"down": {"uv": [12.5, 2, 14.5, 3], "texture": "#6"}
			}
		},
		{
			"from": [6, -7, 6],
			"to": [10, -5.5, 10],
			"rotation": {"angle": 0, "axis": "y", "origin": [8, -6.25, 8]},
			"faces": {
				"north": {"uv": [10.5, 12, 12.5, 13], "texture": "#6"},
				"east": {"uv": [0, 12.5, 2, 13.5], "texture": "#6"},
				"south": {"uv": [12.5, 2, 14.5, 3], "texture": "#6"},
				"west": {"uv": [12.5, 3, 14.5, 4], "texture": "#6"},
				"up": {"uv": [11, 12, 9, 10], "texture": "#6"},
				"down": {"uv": [12.5, 2.5, 10.5, 4.5], "texture": "#6"}
			}
		},
		{
			"from": [6.3, -14.65, 6.3],
			"to": [9.7, -6.85, 9.7],
			"rotation": {"angle": 0, "axis": "y", "origin": [8, -10.75, 8]},
			"faces": {
				"north": {"uv": [3, 6, 5, 10], "texture": "#6"},
				"east": {"uv": [6, 3, 8, 7], "texture": "#6"},
				"south": {"uv": [5, 7, 7, 11], "texture": "#6"},
				"west": {"uv": [7, 7, 9, 11], "texture": "#6"},
				"up": {"uv": [6.5, 13, 4.5, 11], "texture": "#6"},
				"down": {"uv": [8.5, 11, 6.5, 13], "texture": "#6"}
			}
		},
		{
			"from": [6, -16, 6],
			"to": [10, -14.5, 10],
			"rotation": {"angle": 0, "axis": "y", "origin": [8, -15.25, 8]},
			"faces": {
				"north": {"uv": [10.5, 12, 12.5, 13], "texture": "#6"},
				"east": {"uv": [0, 12.5, 2, 13.5], "texture": "#6"},
				"south": {"uv": [12.5, 2, 14.5, 3], "texture": "#6"},
				"west": {"uv": [12.5, 3, 14.5, 4], "texture": "#6"},
				"up": {"uv": [11, 12, 9, 10], "texture": "#6"},
				"down": {"uv": [12.5, 2.5, 10.5, 4.5], "texture": "#6"}
			}
		},
		{
			"from": [3.9159, 7.9659, 11.1],
			"to": [12.0659, 9.5159, 12.2],
			"rotation": {"angle": -45, "axis": "x", "origin": [7.9909, 8.7409, 11.65]},
			"faces": {
				"north": {"uv": [0, 0, 16, 2.66667], "texture": "#2"},
				"east": {"uv": [13.33334, 2.66667, 16, 5.33334], "texture": "#2"},
				"south": {"uv": [0, 2.66667, 16, 5.33334], "texture": "#2"},
				"west": {"uv": [0, 2.66667, 2.66667, 5.33334], "texture": "#2"},
				"up": {"uv": [16, 2.66667, 0, 0], "texture": "#2"},
				"down": {"uv": [0, 2.66667, 16, 0], "rotation": 180, "texture": "#2"}
			}
		},
		{
			"from": [3.9159, 7.9659, 3.825],
			"to": [12.0659, 9.5159, 4.925],
			"rotation": {"angle": 45, "axis": "x", "origin": [7.9909, 8.7409, 4.375]},
			"faces": {
				"north": {"uv": [0, 0, 16, 2.66667], "texture": "#2"},
				"east": {"uv": [13.33334, 2.66667, 16, 5.33334], "texture": "#2"},
				"south": {"uv": [0, 2.66667, 16, 5.33334], "texture": "#2"},
				"west": {"uv": [0, 2.66667, 2.66667, 5.33334], "texture": "#2"},
				"up": {"uv": [16, 2.66667, 0, 0], "texture": "#2"},
				"down": {"uv": [0, 2.66667, 16, 0], "rotation": 180, "texture": "#2"}
			}
		},
		{
			"from": [11.0909, 7.9659, 3.6],
			"to": [12.1909, 9.5159, 11.75],
			"rotation": {"angle": 45, "axis": "z", "origin": [11.6409, 8.7409, 7.675]},
			"faces": {
				"north": {"uv": [0, 2.66667, 2.66667, 5.33334], "texture": "#2"},
				"east": {"uv": [0, 0, 16, 2.66667], "texture": "#2"},
				"south": {"uv": [13.33334, 2.66667, 16, 5.33334], "texture": "#2"},
				"west": {"uv": [0, 2.66667, 16, 5.33334], "texture": "#2"},
				"up": {"uv": [16, 2.66667, 0, 0], "rotation": 90, "texture": "#2"},
				"down": {"uv": [0, 2.66667, 16, 0], "rotation": 90, "texture": "#2"}
			}
		},
		{
			"from": [3.8159, 7.9659, 3.6],
			"to": [4.9159, 9.5159, 11.75],
			"rotation": {"angle": -45, "axis": "z", "origin": [4.3659, 8.7409, 7.675]},
			"faces": {
				"north": {"uv": [0, 2.66667, 2.66667, 5.33334], "texture": "#2"},
				"east": {"uv": [0, 0, 16, 2.66667], "texture": "#2"},
				"south": {"uv": [13.33334, 2.66667, 16, 5.33334], "texture": "#2"},
				"west": {"uv": [0, 2.66667, 16, 5.33334], "texture": "#2"},
				"up": {"uv": [16, 2.66667, 0, 0], "rotation": 90, "texture": "#2"},
				"down": {"uv": [0, 2.66667, 16, 0], "rotation": 90, "texture": "#2"}
			}
		},
		{
			"from": [3.7, 4.45, 4.475],
			"to": [12.3, 6.55, 11.5],
			"rotation": {"angle": 0, "axis": "y", "origin": [8, 4.5, 7.65]},
			"faces": {
				"north": {"uv": [0, 0, 16, 2.66667], "texture": "#2"},
				"east": {"uv": [0, 0, 16, 2.66667], "texture": "#2"},
				"south": {"uv": [0, 0, 16, 2.66667], "texture": "#2"},
				"west": {"uv": [0, 0, 16, 2.66667], "texture": "#2"},
				"up": {"uv": [16, 2.66667, 0, 0], "texture": "#2"},
				"down": {"uv": [16, 0, 0, 2.66667], "texture": "#2"}
			}
		},
		{
			"from": [3.675, 2.45, 6.4],
			"to": [12.325, 4.75, 9.55],
			"rotation": {"angle": 0, "axis": "y", "origin": [8, 4.675, 7.6]},
			"faces": {
				"north": {"uv": [0, 2.66667, 16, 5.33334], "texture": "#2"},
				"east": {"uv": [8, 0, 13.33334, 8], "rotation": 90, "texture": "#2"},
				"south": {"uv": [0, 5.33334, 16, 8], "texture": "#2"},
				"west": {"uv": [8, 0, 13.33334, 8], "rotation": 270, "texture": "#2"},
				"up": {"uv": [16, 8, 0, 0], "rotation": 180, "texture": "#2"},
				"down": {"uv": [16, 0, 0, 8], "rotation": 180, "texture": "#2"}
			}
		},
		{
			"from": [3.725, 3.85596, 3.32924],
			"to": [12.275, 5.28096, 7.57924],
			"rotation": {"angle": 45, "axis": "x", "origin": [8, 4.56846, 5.37924]},
			"faces": {
				"north": {"uv": [0, 0, 15.66667, 2.66667], "texture": "#2"},
				"east": {"uv": [13.33334, 13.33334, 16, 16], "texture": "#2"},
				"south": {"uv": [0, 13.33334, 16, 16], "texture": "#2"},
				"west": {"uv": [0, 13.33334, 2.66667, 16], "texture": "#2"},
				"up": {"uv": [16, 16, 0, 13.33334], "texture": "#2"},
				"down": {"uv": [16, 13.33334, 0, 16], "texture": "#2"}
			}
		},
		{
			"from": [3.725, 3.85596, 8.40424],
			"to": [12.275, 5.28096, 12.65424],
			"rotation": {"angle": -45, "axis": "x", "origin": [8, 4.56846, 10.60424]},
			"faces": {
				"north": {"uv": [0, 5.33334, 16, 8], "rotation": 180, "texture": "#2"},
				"east": {"uv": [13.33334, 0, 16, 2.66667], "rotation": 180, "texture": "#2"},
				"south": {"uv": [0, 0, 16, 2.66667], "rotation": 180, "texture": "#2"},
				"west": {"uv": [0, 0, 2.66667, 2.66667], "rotation": 180, "texture": "#2"},
				"up": {"uv": [16, 2.66667, 0, 5.33334], "texture": "#2"},
				"down": {"uv": [16, 5.33334, 0, 2.66667], "texture": "#2"}
			}
		},
		{
			"from": [3.425, 5.425, 3.425],
			"to": [12.575, 8.65, 12.575],
			"rotation": {"angle": 0, "axis": "y", "origin": [8, 6.7375, 8]},
			"faces": {
				"north": {"uv": [0, 10.66667, 16, 16], "rotation": 180, "texture": "#2"},
				"east": {"uv": [0, 0, 2.66667, 16], "rotation": 270, "texture": "#2"},
				"south": {"uv": [0, 0, 16, 2.66667], "texture": "#2"},
				"west": {"uv": [13.33334, 0, 16, 16], "rotation": 90, "texture": "#2"},
				"up": {"uv": [16, 16, 0, 0], "texture": "#2"},
				"down": {"uv": [16, 0, 0, 16], "texture": "#2"}
			}
		},
		{
			"from": [4.5, 8.525, 4.5],
			"to": [11.5, 9.65, 11.5],
			"rotation": {"angle": 0, "axis": "y", "origin": [8, 9.0875, 8]},
			"faces": {
				"north": {"uv": [0, 13.33334, 16, 16], "texture": "#2"},
				"east": {"uv": [0, 0, 2.66667, 16], "rotation": 270, "texture": "#2"},
				"south": {"uv": [0, 0, 16, 2.66667], "rotation": 180, "texture": "#2"},
				"west": {"uv": [13.33334, 0, 16, 16], "rotation": 90, "texture": "#2"},
				"up": {"uv": [16, 16, 0, 0], "texture": "#2"},
				"down": {"uv": [16, 0, 0, 16], "texture": "#2"}
			}
		},
		{
			"from": [6.725, 1, 5.45],
			"to": [9.275, 3.5, 5.775],
			"rotation": {"angle": 0, "axis": "y", "origin": [8, 3.4, 5.6125]},
			"faces": {
				"north": {"uv": [0, 0, 16, 16], "texture": "#2"},
				"east": {"uv": [0, 0, 2.66667, 16], "texture": "#2"},
				"south": {"uv": [16, 0, 0, 16], "texture": "#2"},
				"west": {"uv": [13.33334, 0, 16, 16], "texture": "#2"},
				"up": {"uv": [16, 0, 0, 2.66667], "texture": "#2"},
				"down": {"uv": [16, 13.33334, 0, 16], "texture": "#2"}
			}
		},
		{
			"from": [6.6, -1.525, 5.425],
			"to": [9.4, 1.025, 5.8],
			"rotation": {"angle": 0, "axis": "y", "origin": [8, 0.9, 5.6125]},
			"faces": {
				"north": {"uv": [0, 0, 16, 16], "texture": "#2"},
				"east": {"uv": [0, 0, 2.66667, 16], "texture": "#2"},
				"south": {"uv": [16, 0, 0, 16], "texture": "#2"},
				"west": {"uv": [13.33334, 0, 16, 16], "texture": "#2"},
				"up": {"uv": [16, 0, 0, 2.66667], "texture": "#2"},
				"down": {"uv": [16, 13.33334, 0, 16], "texture": "#2"}
			}
		},
		{
			"from": [6.475, -4.05, 5.4],
			"to": [9.525, -1.45, 5.825],
			"rotation": {"angle": 0, "axis": "y", "origin": [8, -1.6, 5.6125]},
			"faces": {
				"north": {"uv": [0, 0, 16, 16], "texture": "#2"},
				"east": {"uv": [0, 0, 2.66667, 16], "texture": "#2"},
				"south": {"uv": [16, 0, 0, 16], "texture": "#2"},
				"west": {"uv": [13.33334, 0, 16, 16], "texture": "#2"},
				"up": {"uv": [16, 0, 0, 2.66667], "texture": "#2"},
				"down": {"uv": [16, 13.33334, 0, 16], "texture": "#2"}
			}
		},
		{
			"from": [6.35, -6.575, 5.375],
			"to": [9.65, -3.925, 5.85],
			"rotation": {"angle": 0, "axis": "y", "origin": [8, -4.1, 5.6125]},
			"faces": {
				"north": {"uv": [0, 0, 16, 16], "texture": "#2"},
				"east": {"uv": [0, 0, 2.66667, 16], "texture": "#2"},
				"south": {"uv": [16, 0, 0, 16], "texture": "#2"},
				"west": {"uv": [13.33334, 0, 16, 16], "texture": "#2"},
				"up": {"uv": [16, 0, 0, 2.66667], "texture": "#2"},
				"down": {"uv": [16, 13.33334, 0, 16], "texture": "#2"}
			}
		},
		{
			"from": [6.225, -9.1, 5.35],
			"to": [9.775, -6.4, 5.875],
			"rotation": {"angle": 0, "axis": "y", "origin": [8, -6.6, 5.6125]},
			"faces": {
				"north": {"uv": [0, 0, 16, 16], "texture": "#2"},
				"east": {"uv": [0, 0, 2.66667, 16], "texture": "#2"},
				"south": {"uv": [16, 0, 0, 16], "texture": "#2"},
				"west": {"uv": [13.33334, 0, 16, 16], "texture": "#2"},
				"up": {"uv": [16, 0, 0, 2.66667], "texture": "#2"},
				"down": {"uv": [16, 13.33334, 0, 16], "texture": "#2"}
			}
		},
		{
			"from": [6.725, 1, 10.2],
			"to": [9.275, 3.5, 10.525],
			"rotation": {"angle": 0, "axis": "y", "origin": [8, 3.4, 10.3625]},
			"faces": {
				"north": {"uv": [0, 0, 16, 16], "texture": "#2"},
				"east": {"uv": [0, 0, 2.66667, 16], "texture": "#2"},
				"south": {"uv": [16, 0, 0, 16], "texture": "#2"},
				"west": {"uv": [13.33334, 0, 16, 16], "texture": "#2"},
				"up": {"uv": [16, 0, 0, 2.66667], "texture": "#2"},
				"down": {"uv": [16, 13.33334, 0, 16], "texture": "#2"}
			}
		},
		{
			"from": [6.6, -1.525, 10.175],
			"to": [9.4, 1.025, 10.55],
			"rotation": {"angle": 0, "axis": "y", "origin": [8, 0.9, 10.3625]},
			"faces": {
				"north": {"uv": [0, 0, 16, 16], "texture": "#2"},
				"east": {"uv": [0, 0, 2.66667, 16], "texture": "#2"},
				"south": {"uv": [16, 0, 0, 16], "texture": "#2"},
				"west": {"uv": [13.33334, 0, 16, 16], "texture": "#2"},
				"up": {"uv": [16, 0, 0, 2.66667], "texture": "#2"},
				"down": {"uv": [16, 13.33334, 0, 16], "texture": "#2"}
			}
		},
		{
			"from": [6.475, -4.05, 10.15],
			"to": [9.525, -1.45, 10.575],
			"rotation": {"angle": 0, "axis": "y", "origin": [8, -1.6, 10.3625]},
			"faces": {
				"north": {"uv": [0, 0, 16, 16], "texture": "#2"},
				"east": {"uv": [0, 0, 2.66667, 16], "texture": "#2"},
				"south": {"uv": [16, 0, 0, 16], "texture": "#2"},
				"west": {"uv": [13.33334, 0, 16, 16], "texture": "#2"},
				"up": {"uv": [16, 0, 0, 2.66667], "texture": "#2"},
				"down": {"uv": [16, 13.33334, 0, 16], "texture": "#2"}
			}
		},
		{
			"from": [6.35, -6.575, 10.125],
			"to": [9.65, -3.925, 10.6],
			"rotation": {"angle": 0, "axis": "y", "origin": [8, -4.1, 10.3625]},
			"faces": {
				"north": {"uv": [0, 0, 16, 16], "texture": "#2"},
				"east": {"uv": [0, 0, 2.66667, 16], "texture": "#2"},
				"south": {"uv": [16, 0, 0, 16], "texture": "#2"},
				"west": {"uv": [13.33334, 0, 16, 16], "texture": "#2"},
				"up": {"uv": [16, 0, 0, 2.66667], "texture": "#2"},
				"down": {"uv": [16, 13.33334, 0, 16], "texture": "#2"}
			}
		},
		{
			"from": [6.225, -9.1, 10.1],
			"to": [9.775, -6.4, 10.625],
			"rotation": {"angle": 0, "axis": "y", "origin": [8, -6.6, 10.3625]},
			"faces": {
				"north": {"uv": [0, 0, 16, 16], "texture": "#2"},
				"east": {"uv": [0, 0, 2.66667, 16], "texture": "#2"},
				"south": {"uv": [16, 0, 0, 16], "texture": "#2"},
				"west": {"uv": [13.33334, 0, 16, 16], "texture": "#2"},
				"up": {"uv": [16, 0, 0, 2.66667], "texture": "#2"},
				"down": {"uv": [16, 13.33334, 0, 16], "texture": "#2"}
			}
		},
		{
			"from": [6, 6.7, 6],
			"to": [10, 8.2, 10],
			"rotation": {"angle": 0, "axis": "y", "origin": [8, 7.45, 8]},
			"faces": {
				"north": {"uv": [10.5, 12, 12.5, 13], "texture": "#6"},
				"east": {"uv": [0, 12.5, 2, 13.5], "texture": "#6"},
				"south": {"uv": [12.5, 2, 14.5, 3], "texture": "#6"},
				"west": {"uv": [12.5, 3, 14.5, 4], "texture": "#6"},
				"up": {"uv": [11, 12, 9, 10], "texture": "#6"},
				"down": {"uv": [12.5, 2.5, 10.5, 4.5], "texture": "#6"}
			}
		},
		{
			"from": [7.075, 14.06875, 3.3125],
			"to": [10.2, 19.46875, 12.6875],
			"rotation": {"angle": 0, "axis": "y", "origin": [8.6375, 16.75625, 8]},
			"faces": {
				"north": {"uv": [0.5, 0, 0, 16], "texture": "#5"},
				"east": {"uv": [16, 0, 0, 16], "texture": "#5"},
				"south": {"uv": [16, 0, 15.5, 16], "texture": "#5"},
				"west": {"uv": [0, 0, 16, 16], "texture": "#5"},
				"up": {"uv": [16, 0, 0, 0.5], "texture": "#5"},
				"down": {"uv": [0, 15.5, 16, 16], "rotation": 270, "texture": "#5"}
			}
		},
		{
			"from": [6.075, 14.06875, 12.6875],
			"to": [10.2, 19.46875, 13.4875],
			"rotation": {"angle": 0, "axis": "y", "origin": [8.1375, 16.76875, 13.0875]},
			"faces": {
				"north": {"uv": [0.5, 0, 0, 16], "texture": "#5"},
				"east": {"uv": [16, 0, 0, 16], "texture": "#5"},
				"south": {"uv": [16, 0, 15.5, 16], "texture": "#5"},
				"west": {"uv": [0, 0, 16, 16], "texture": "#5"},
				"up": {"uv": [16, 0, 0, 0.5], "texture": "#5"},
				"down": {"uv": [0, 15.5, 16, 16], "rotation": 270, "texture": "#5"}
			}
		},
		{
			"from": [6.575, 19.46875, 12.6875],
			"to": [10.2, 22.34375, 13.4875],
			"rotation": {"angle": 0, "axis": "y", "origin": [8.3875, 20.90625, 13.0875]},
			"faces": {
				"north": {"uv": [0.5, 0, 0, 16], "texture": "#5"},
				"east": {"uv": [16, 0, 0, 16], "texture": "#5"},
				"south": {"uv": [16, 0, 15.5, 16], "texture": "#5"},
				"west": {"uv": [0, 0, 16, 16], "texture": "#5"},
				"up": {"uv": [16, 0, 0, 0.5], "texture": "#5"},
				"down": {"uv": [0, 15.5, 16, 16], "rotation": 270, "texture": "#5"}
			}
		},
		{
			"from": [6.575, 19.46875, 2.5125],
			"to": [10.2, 22.34375, 3.3125],
			"rotation": {"angle": 0, "axis": "y", "origin": [8.3875, 20.90625, 2.9125]},
			"faces": {
				"north": {"uv": [0.5, 0, 0, 16], "texture": "#5"},
				"east": {"uv": [16, 0, 0, 16], "texture": "#5"},
				"south": {"uv": [16, 0, 15.5, 16], "texture": "#5"},
				"west": {"uv": [0, 0, 16, 16], "texture": "#5"},
				"up": {"uv": [16, 0, 0, 0.5], "texture": "#5"},
				"down": {"uv": [0, 15.5, 16, 16], "rotation": 270, "texture": "#5"}
			}
		},
		{
			"from": [7.075, 22.34375, 12.6875],
			"to": [10.2, 25.21875, 13.4875],
			"rotation": {"angle": 0, "axis": "y", "origin": [8.6375, 23.78125, 13.0875]},
			"faces": {
				"north": {"uv": [0.5, 0, 0, 16], "texture": "#5"},
				"east": {"uv": [16, 0, 0, 16], "texture": "#5"},
				"south": {"uv": [16, 0, 15.5, 16], "texture": "#5"},
				"west": {"uv": [0, 0, 16, 16], "texture": "#5"},
				"up": {"uv": [16, 0, 0, 0.5], "texture": "#5"},
				"down": {"uv": [0, 15.5, 16, 16], "rotation": 270, "texture": "#5"}
			}
		},
		{
			"from": [7.075, 22.34375, 2.5125],
			"to": [10.2, 25.21875, 3.3125],
			"rotation": {"angle": 0, "axis": "y", "origin": [8.6375, 23.78125, 2.9125]},
			"faces": {
				"north": {"uv": [0.5, 0, 0, 16], "texture": "#5"},
				"east": {"uv": [16, 0, 0, 16], "texture": "#5"},
				"south": {"uv": [16, 0, 15.5, 16], "texture": "#5"},
				"west": {"uv": [0, 0, 16, 16], "texture": "#5"},
				"up": {"uv": [16, 0, 0, 0.5], "texture": "#5"},
				"down": {"uv": [0, 15.5, 16, 16], "rotation": 270, "texture": "#5"}
			}
		},
		{
			"from": [6.075, 14.06875, 2.5125],
			"to": [10.2, 19.46875, 3.3125],
			"rotation": {"angle": 0, "axis": "y", "origin": [8.1375, 16.76875, 2.9125]},
			"faces": {
				"north": {"uv": [0.5, 0, 0, 16], "texture": "#5"},
				"east": {"uv": [16, 0, 0, 16], "texture": "#5"},
				"south": {"uv": [16, 0, 15.5, 16], "texture": "#5"},
				"west": {"uv": [0, 0, 16, 16], "texture": "#5"},
				"up": {"uv": [16, 0, 0, 0.5], "texture": "#5"},
				"down": {"uv": [0, 15.5, 16, 16], "rotation": 270, "texture": "#5"}
			}
		},
		{
			"from": [6.575, 14.06875, 6.3125],
			"to": [7.075, 19.46875, 9.6875],
			"rotation": {"angle": 0, "axis": "y", "origin": [6.7625, 16.76875, 8]},
			"faces": {
				"north": {"uv": [0.5, 0, 0, 16], "texture": "#5"},
				"east": {"uv": [16, 0, 0, 16], "texture": "#5"},
				"south": {"uv": [16, 0, 15.5, 16], "texture": "#5"},
				"west": {"uv": [0, 0, 16, 16], "texture": "#5"},
				"up": {"uv": [16, 0, 0, 0.5], "texture": "#5"},
				"down": {"uv": [0, 15.5, 16, 16], "rotation": 270, "texture": "#5"}
			}
		},
		{
			"from": [6.825, 19.46875, 6.3125],
			"to": [7.325, 22.34375, 9.6875],
			"rotation": {"angle": 0, "axis": "y", "origin": [7.0125, 20.90625, 8]},
			"faces": {
				"north": {"uv": [0.5, 0, 0, 16], "texture": "#5"},
				"east": {"uv": [16, 0, 0, 16], "texture": "#5"},
				"south": {"uv": [16, 0, 15.5, 16], "texture": "#5"},
				"west": {"uv": [0, 0, 16, 16], "texture": "#5"},
				"up": {"uv": [16, 0, 0, 0.5], "texture": "#5"},
				"down": {"uv": [0, 15.5, 16, 16], "rotation": 270, "texture": "#5"}
			}
		},
		{
			"from": [7.075, 22.34375, 6.3125],
			"to": [7.575, 24.21875, 9.6875],
			"rotation": {"angle": 0, "axis": "y", "origin": [7.2625, 23.78125, 8]},
			"faces": {
				"north": {"uv": [0.5, 0, 0, 16], "texture": "#5"},
				"east": {"uv": [16, 0, 0, 16], "texture": "#5"},
				"south": {"uv": [16, 0, 15.5, 16], "texture": "#5"},
				"west": {"uv": [0, 0, 16, 16], "texture": "#5"},
				"up": {"uv": [16, 0, 0, 0.5], "texture": "#5"},
				"down": {"uv": [0, 15.5, 16, 16], "rotation": 270, "texture": "#5"}
			}
		},
		{
			"from": [7.325, 19.46875, 3.3125],
			"to": [10.2, 22.34375, 12.6875],
			"rotation": {"angle": 0, "axis": "y", "origin": [8.7625, 20.90625, 8]},
			"faces": {
				"north": {"uv": [0.5, 0, 0, 16], "texture": "#5"},
				"east": {"uv": [16, 0, 0, 16], "texture": "#5"},
				"south": {"uv": [16, 0, 15.5, 16], "texture": "#5"},
				"west": {"uv": [0, 0, 16, 16], "texture": "#5"},
				"up": {"uv": [16, 0, 0, 0.5], "texture": "#5"},
				"down": {"uv": [0, 15.5, 16, 16], "rotation": 270, "texture": "#5"}
			}
		},
		{
			"from": [7.575, 22.34375, 3.3125],
			"to": [10.2, 25.21875, 12.6875],
			"rotation": {"angle": 0, "axis": "y", "origin": [8.7625, 23.78125, 8]},
			"faces": {
				"north": {"uv": [0.5, 0, 0, 16], "texture": "#5"},
				"east": {"uv": [16, 0, 0, 16], "texture": "#5"},
				"south": {"uv": [16, 0, 15.5, 16], "texture": "#5"},
				"west": {"uv": [0, 0, 16, 16], "texture": "#5"},
				"up": {"uv": [16, 0, 0, 0.5], "texture": "#5"},
				"down": {"uv": [0, 15.5, 16, 16], "rotation": 270, "texture": "#5"}
			}
		}
	],
	"display": {
		"thirdperson_righthand": {
			"rotation": [0, 90, 0],
			"translation": [0, 16.75, 2]
		},
		"thirdperson_lefthand": {
			"rotation": [0, -90, 0],
			"translation": [0, 16.75, 2]
		},
		"firstperson_righthand": {
			"rotation": [10, 0, -5],
			"translation": [2.5, 5.25, 0],
			"scale": [0.5, 0.5, 0.5]
		},
		"firstperson_lefthand": {
			"rotation": [10, -180, 5],
			"translation": [2.5, 5.25, 0],
			"scale": [0.5, 0.5, 0.5]
		},
		"ground": {
			"rotation": [45, 0, 0],
			"translation": [0, 7.25, 3.5],
			"scale": [0.5, 0.5, 0.5]
		},
		"gui": {
			"rotation": [90, 45, -90],
			"translation": [1.25, 1.25, 0],
			"scale": [0.5, 0.5, 0.5]
		},
		"head": {
			"translation": [0, 15, 0],
			"scale": [0.5, 0.5, 0.5]
		},
		"fixed": {
			"rotation": [0, -90, 0],
			"translation": [0, 3.75, 0],
			"scale": [0.5, 0.5, 0.5]
		}
	},
	"groups": [
		{
			"name": "Tool",
			"origin": [8, 8, 8],
			"color": 0,
			"children": [
				{
					"name": "Handle",
					"origin": [8, 8, 8],
					"color": 0,
					"children": [
						0,
						1,
						2,
						3,
						4,
						5,
						6,
						7,
						{
							"name": "Scarf",
							"origin": [0, 24, 0],
							"color": 0,
							"children": [
								8,
								9,
								10,
								11,
								12,
								13,
								14,
								15,
								16,
								17,
								{
									"name": "ScarfFront",
									"origin": [-2, 21.4, -2.4375],
									"color": 0,
									"children": [
										18,
										{
											"name": "RightScarf2",
											"origin": [-2, 18.9, -2.4375],
											"color": 0,
											"children": [
												19,
												{
													"name": "RightScarf3",
													"origin": [-2, 16.4, -2.4375],
													"color": 0,
													"children": [
														20,
														{
															"name": "RightScarf4",
															"origin": [-2, 13.9, -2.4375],
															"color": 0,
															"children": [
																21,
																{
																	"name": "RightScarf5",
																	"origin": [-2, 11.4, -2.4375],
																	"color": 0,
																	"children": [22]
																}
															]
														}
													]
												}
											]
										}
									]
								},
								{
									"name": "ScarfFront",
									"origin": [-2, 21.4, -2.4375],
									"color": 0,
									"children": [
										23,
										{
											"name": "RightScarf2",
											"origin": [-2, 18.9, -2.4375],
											"color": 0,
											"children": [
												24,
												{
													"name": "RightScarf3",
													"origin": [-2, 16.4, -2.4375],
													"color": 0,
													"children": [
														25,
														{
															"name": "RightScarf4",
															"origin": [-2, 13.9, -2.4375],
															"color": 0,
															"children": [
																26,
																{
																	"name": "RightScarf5",
																	"origin": [-2, 11.4, -2.4375],
																	"color": 0,
																	"children": [27]
																}
															]
														}
													]
												}
											]
										}
									]
								}
							]
						},
						28
					]
				},
				{
					"name": "Head",
					"origin": [8, 8, 8],
					"color": 0,
					"children": [29, 30, 31, 32, 33, 34, 35, 36, 37, 38, 39, 40]
				}
			]
		}
	]
}