{
	"format_version": "1.21.11",
	"credit": "Made with Blockbench",
	"texture_size": [128, 128],
	"elements": [
		{
			"from": [5.975, 14.475, 5.975],
			"to": [10.025, 15.525, 11.025],
			"rotation": {"angle": 0, "axis": "y", "origin": [8, 0, 8.5]},
			"faces": {
				"north": {"uv": [14, 3.625, 14.125, 3.75], "texture": "#0"},
				"east": {"uv": [14, 3.625, 16, 3.75], "texture": "#0"},
				"south": {"uv": [14, 3.625, 14.125, 3.75], "texture": "#0"},
				"west": {"uv": [14, 3.625, 16, 3.75], "texture": "#0"},
				"up": {"uv": [14, 3.625, 14.125, 3.75], "texture": "#0"},
				"down": {"uv": [14, 3.75, 14.125, 3.875], "texture": "#0"}
			}
		},
		{
			"from": [9.5, 22.5, 4.5],
			"to": [23, 23.5, 12.5],
			"rotation": {"angle": 0, "axis": "y", "origin": [8, 0, 8.5]},
			"faces": {
				"north": {"uv": [1, 3.875, 2.625, 4], "texture": "#0"},
				"east": {"uv": [0, 3.875, 1, 4], "texture": "#0"},
				"south": {"uv": [3.625, 3.875, 5.25, 4], "texture": "#0"},
				"west": {"uv": [2.625, 3.875, 3.625, 4], "texture": "#0"},
				"up": {"uv": [2.625, 3.875, 1, 2.875], "rotation": 180, "texture": "#0"},
				"down": {"uv": [4.25, 2.875, 2.625, 3.875], "rotation": 180, "texture": "#0"}
			}
		},
		{
			"from": [9.5, 23.5, 5.5],
			"to": [23, 24.5, 11.5],
			"rotation": {"angle": 0, "axis": "y", "origin": [8, 0, 8.5]},
			"faces": {
				"north": {"uv": [4.75, 4.875, 6.375, 5], "texture": "#0"},
				"east": {"uv": [4, 4.875, 4.75, 5], "texture": "#0"},
				"south": {"uv": [7.125, 4.875, 8.75, 5], "texture": "#0"},
				"west": {"uv": [6.375, 4.875, 7.125, 5], "texture": "#0"},
				"up": {"uv": [6.375, 4.875, 4.75, 4.125], "rotation": 180, "texture": "#0"},
				"down": {"uv": [8, 4.125, 6.375, 4.875], "rotation": 180, "texture": "#0"}
			}
		},
		{
			"from": [9.5, 24.5, 6.5],
			"to": [23, 25.5, 10.5],
			"rotation": {"angle": 0, "axis": "y", "origin": [8, 0, 8.5]},
			"faces": {
				"north": {"uv": [4.75, 3.375, 6.375, 3.5], "texture": "#0"},
				"east": {"uv": [4.25, 3.375, 4.75, 3.5], "texture": "#0"},
				"south": {"uv": [6.875, 3.375, 8.5, 3.5], "texture": "#0"},
				"west": {"uv": [6.375, 3.375, 6.875, 3.5], "texture": "#0"},
				"up": {"uv": [6.375, 3.375, 4.75, 2.875], "rotation": 180, "texture": "#0"},
				"down": {"uv": [8, 2.875, 6.375, 3.375], "rotation": 180, "texture": "#0"}
			}
		},
		{
			"from": [9.5, 18, 3.5],
			"to": [23, 22.5, 13.5],
			"rotation": {"angle": 0, "axis": "y", "origin": [8, 0, 8.5]},
			"faces": {
				"north": {"uv": [1.25, 1.25, 2.875, 1.75], "texture": "#0"},
				"east": {"uv": [0, 1.25, 1.25, 1.75], "texture": "#0"},
				"south": {"uv": [4.125, 1.25, 5.75, 1.75], "texture": "#0"},
				"west": {"uv": [2.875, 1.25, 4.125, 1.75], "texture": "#0"},
				"up": {"uv": [2.875, 1.25, 1.25, 0], "rotation": 180, "texture": "#0"},
				"down": {"uv": [4.5, 0, 2.875, 1.25], "rotation": 180, "texture": "#0"}
			}
		},
		{
			"from": [9.5, 17, 4.5],
			"to": [23, 18, 12.5],
			"rotation": {"angle": 0, "axis": "y", "origin": [8, 0, 8.5]},
			"faces": {
				"north": {"uv": [1, 2.75, 2.625, 2.875], "texture": "#0"},
				"east": {"uv": [0, 2.75, 1, 2.875], "texture": "#0"},
				"south": {"uv": [3.625, 2.75, 5.25, 2.875], "texture": "#0"},
				"west": {"uv": [2.625, 2.75, 3.625, 2.875], "texture": "#0"},
				"up": {"uv": [2.625, 2.75, 1, 1.75], "rotation": 180, "texture": "#0"},
				"down": {"uv": [4.25, 1.75, 2.625, 2.75], "rotation": 180, "texture": "#0"}
			}
		},
		{
			"from": [9.5, 16, 5.5],
			"to": [23, 17, 11.5],
			"rotation": {"angle": 0, "axis": "y", "origin": [8, 0, 8.5]},
			"faces": {
				"north": {"uv": [0.75, 4.75, 2.375, 4.875], "texture": "#0"},
				"east": {"uv": [0, 4.75, 0.75, 4.875], "texture": "#0"},
				"south": {"uv": [3.125, 4.75, 4.75, 4.875], "texture": "#0"},
				"west": {"uv": [2.375, 4.75, 3.125, 4.875], "texture": "#0"},
				"up": {"uv": [2.375, 4.75, 0.75, 4], "rotation": 180, "texture": "#0"},
				"down": {"uv": [4, 4, 2.375, 4.75], "rotation": 180, "texture": "#0"}
			}
		},
		{
			"from": [9.5, 15, 6.5],
			"to": [23, 16, 10.5],
			"rotation": {"angle": 0, "axis": "y", "origin": [8, 0, 8.5]},
			"faces": {
				"north": {"uv": [4.75, 2.25, 6.375, 2.375], "texture": "#0"},
				"east": {"uv": [4.25, 2.25, 4.75, 2.375], "texture": "#0"},
				"south": {"uv": [6.875, 2.25, 8.5, 2.375], "texture": "#0"},
				"west": {"uv": [6.375, 2.25, 6.875, 2.375], "texture": "#0"},
				"up": {"uv": [6.375, 2.25, 4.75, 1.75], "rotation": 180, "texture": "#0"},
				"down": {"uv": [8, 1.75, 6.375, 2.25], "rotation": 180, "texture": "#0"}
			}
		},
		{
			"from": [-7, 24.5, 6.5],
			"to": [6.5, 25.5, 10.5],
			"rotation": {"angle": 0, "axis": "y", "origin": [8, 0, 8.5]},
			"faces": {
				"north": {"uv": [4.75, 3.375, 6.375, 3.5], "texture": "#0"},
				"east": {"uv": [4.25, 3.375, 4.75, 3.5], "texture": "#0"},
				"south": {"uv": [6.875, 3.375, 8.5, 3.5], "texture": "#0"},
				"west": {"uv": [6.375, 3.375, 6.875, 3.5], "texture": "#0"},
				"up": {"uv": [6.375, 3.375, 4.75, 2.875], "rotation": 180, "texture": "#0"},
				"down": {"uv": [8, 2.875, 6.375, 3.375], "rotation": 180, "texture": "#0"}
			}
		},
		{
			"from": [-7, 23.5, 5.5],
			"to": [6.5, 24.5, 11.5],
			"rotation": {"angle": 0, "axis": "y", "origin": [8, 0, 8.5]},
			"faces": {
				"north": {"uv": [4.75, 4.875, 6.375, 5], "texture": "#0"},
				"east": {"uv": [4, 4.875, 4.75, 5], "texture": "#0"},
				"south": {"uv": [7.125, 4.875, 8.75, 5], "texture": "#0"},
				"west": {"uv": [6.375, 4.875, 7.125, 5], "texture": "#0"},
				"up": {"uv": [6.375, 4.875, 4.75, 4.125], "rotation": 180, "texture": "#0"},
				"down": {"uv": [8, 4.125, 6.375, 4.875], "rotation": 180, "texture": "#0"}
			}
		},
		{
			"from": [-7, 22.5, 4.5],
			"to": [6.5, 23.5, 12.5],
			"rotation": {"angle": 0, "axis": "y", "origin": [8, 0, 8.5]},
			"faces": {
				"north": {"uv": [1, 3.875, 2.625, 4], "texture": "#0"},
				"east": {"uv": [0, 3.875, 1, 4], "texture": "#0"},
				"south": {"uv": [3.625, 3.875, 5.25, 4], "texture": "#0"},
				"west": {"uv": [2.625, 3.875, 3.625, 4], "texture": "#0"},
				"up": {"uv": [2.625, 3.875, 1, 2.875], "rotation": 180, "texture": "#0"},
				"down": {"uv": [4.25, 2.875, 2.625, 3.875], "rotation": 180, "texture": "#0"}
			}
		},
		{
			"from": [-7, 18, 3.5],
			"to": [6.5, 22.5, 13.5],
			"rotation": {"angle": 0, "axis": "y", "origin": [8, 0, 8.5]},
			"faces": {
				"north": {"uv": [1.25, 1.25, 2.875, 1.75], "texture": "#0"},
				"east": {"uv": [0, 1.25, 1.25, 1.75], "texture": "#0"},
				"south": {"uv": [4.125, 1.25, 5.75, 1.75], "texture": "#0"},
				"west": {"uv": [2.875, 1.25, 4.125, 1.75], "texture": "#0"},
				"up": {"uv": [2.875, 1.25, 1.25, 0], "rotation": 180, "texture": "#0"},
				"down": {"uv": [4.5, 0, 2.875, 1.25], "rotation": 180, "texture": "#0"}
			}
		},
		{
			"from": [-7, 15, 6.5],
			"to": [6.5, 16, 10.5],
			"rotation": {"angle": 0, "axis": "y", "origin": [8, 0, 8.5]},
			"faces": {
				"north": {"uv": [4.75, 2.25, 6.375, 2.375], "texture": "#0"},
				"east": {"uv": [4.25, 2.25, 4.75, 2.375], "texture": "#0"},
				"south": {"uv": [6.875, 2.25, 8.5, 2.375], "texture": "#0"},
				"west": {"uv": [6.375, 2.25, 6.875, 2.375], "texture": "#0"},
				"up": {"uv": [6.375, 2.25, 4.75, 1.75], "rotation": 180, "texture": "#0"},
				"down": {"uv": [8, 1.75, 6.375, 2.25], "rotation": 180, "texture": "#0"}
			}
		},
		{
			"from": [-7, 17, 4.5],
			"to": [6.5, 18, 12.5],
			"rotation": {"angle": 0, "axis": "y", "origin": [8, 0, 8.5]},
			"faces": {
				"north": {"uv": [1, 2.75, 2.625, 2.875], "texture": "#0"},
				"east": {"uv": [0, 2.75, 1, 2.875], "texture": "#0"},
				"south": {"uv": [3.625, 2.75, 5.25, 2.875], "texture": "#0"},
				"west": {"uv": [2.625, 2.75, 3.625, 2.875], "texture": "#0"},
				"up": {"uv": [2.625, 2.75, 1, 1.75], "rotation": 180, "texture": "#0"},
				"down": {"uv": [4.25, 1.75, 2.625, 2.75], "rotation": 180, "texture": "#0"}
			}
		},
		{
			"from": [-7, 16, 5.5],
			"to": [6.5, 17, 11.5],
			"rotation": {"angle": 0, "axis": "y", "origin": [8, 0, 8.5]},
			"faces": {
				"north": {"uv": [0.75, 4.75, 2.375, 4.875], "texture": "#0"},
				"east": {"uv": [0, 4.75, 0.75, 4.875], "texture": "#0"},
				"south": {"uv": [3.125, 4.75, 4.75, 4.875], "texture": "#0"},
				"west": {"uv": [2.375, 4.75, 3.125, 4.875], "texture": "#0"},
				"up": {"uv": [2.375, 4.75, 0.75, 4], "rotation": 180, "texture": "#0"},
				"down": {"uv": [4, 4, 2.375, 4.75], "rotation": 180, "texture": "#0"}
			}
		},
		{
			"from": [6.5, 0, 7],
			"to": [9.5, 26.5, 10],
			"rotation": {"angle": 0, "axis": "y", "origin": [8, 0, 8.5]},
			"faces": {
				"north": {"uv": [0.375, 5.25, 0.75, 8.5], "texture": "#0"},
				"east": {"uv": [0, 5.25, 0.375, 8.5], "texture": "#0"},
				"south": {"uv": [1.125, 5.25, 1.5, 8.5], "texture": "#0"},
				"west": {"uv": [0.75, 5.25, 1.125, 8.5], "texture": "#0"},
				"up": {"uv": [0.75, 5.25, 0.375, 4.875], "texture": "#0"},
				"down": {"uv": [1.125, 4.875, 0.75, 5.25], "texture": "#0"}
			}
		},
		{
			"from": [-8.025, 16.475, 3.975],
			"to": [-5.975, 17.525, 13.025],
			"rotation": {"angle": 0, "axis": "y", "origin": [8, 0, 8.5]},
			"faces": {
				"north": {"uv": [14, 1.125, 14.125, 1.25], "texture": "#0"},
				"east": {"uv": [14, 1.125, 16, 1.25], "texture": "#0"},
				"south": {"uv": [14, 1.125, 14.125, 1.25], "texture": "#0"},
				"west": {"uv": [14, 1.125, 16, 1.25], "texture": "#0"},
				"up": {"uv": [14, 1.125, 14.125, 1.25], "texture": "#0"},
				"down": {"uv": [14, 1.25, 14.125, 1.375], "texture": "#0"}
			}
		},
		{
			"from": [-8.025, 15.475, 4.975],
			"to": [-5.975, 16.525, 12.025],
			"rotation": {"angle": 0, "axis": "y", "origin": [8, 0, 8.5]},
			"faces": {
				"north": {"uv": [14, 1.25, 14.125, 1.375], "texture": "#0"},
				"east": {"uv": [14, 1.25, 16, 1.375], "texture": "#0"},
				"south": {"uv": [14, 1.25, 14.125, 1.375], "texture": "#0"},
				"west": {"uv": [14, 1.25, 16, 1.375], "texture": "#0"},
				"up": {"uv": [14, 1.25, 14.125, 1.375], "texture": "#0"},
				"down": {"uv": [14, 1.375, 14.125, 1.5], "texture": "#0"}
			}
		},
		{
			"from": [-8.025, 14.475, 5.975],
			"to": [-5.975, 15.525, 11.025],
			"rotation": {"angle": 0, "axis": "y", "origin": [8, 0, 8.5]},
			"faces": {
				"north": {"uv": [14, 1.375, 14.125, 1.5], "texture": "#0"},
				"east": {"uv": [14, 1.375, 16, 1.5], "texture": "#0"},
				"south": {"uv": [14, 1.375, 14.125, 1.5], "texture": "#0"},
				"west": {"uv": [14, 1.375, 16, 1.5], "texture": "#0"},
				"up": {"uv": [14, 1.375, 14.125, 1.5], "texture": "#0"},
				"down": {"uv": [14, 1.5, 14.125, 1.625], "texture": "#0"}
			}
		},
		{
			"from": [-8.025, 17.475, 2.975],
			"to": [-5.975, 23.025, 14.025],
			"rotation": {"angle": 0, "axis": "y", "origin": [8, 0, 8.5]},
			"faces": {
				"north": {"uv": [14, 0.375, 14.125, 1.125], "texture": "#0"},
				"east": {"uv": [14, 0.375, 16, 1.125], "texture": "#0"},
				"south": {"uv": [14, 0.375, 14.125, 1.125], "texture": "#0"},
				"west": {"uv": [14, 0.375, 16, 1.125], "texture": "#0"},
				"up": {"uv": [14, 0.375, 14.125, 0.5], "texture": "#0"},
				"down": {"uv": [14, 1.125, 14.125, 1.25], "texture": "#0"}
			}
		},
		{
			"from": [-8.025, 24.975, 5.975],
			"to": [-5.975, 26.025, 11.025],
			"rotation": {"angle": 0, "axis": "y", "origin": [8, 0, 8.5]},
			"faces": {
				"north": {"uv": [14, 0, 14.125, 0.125], "texture": "#0"},
				"east": {"uv": [14, 0, 16, 0.125], "texture": "#0"},
				"south": {"uv": [14, 0, 14.125, 0.125], "texture": "#0"},
				"west": {"uv": [14, 0, 16, 0.125], "texture": "#0"},
				"up": {"uv": [14, 0, 14.125, 0.125], "texture": "#0"},
				"down": {"uv": [14, 0.125, 14.125, 0.25], "texture": "#0"}
			}
		},
		{
			"from": [-8.025, 23.975, 4.975],
			"to": [-5.975, 25.025, 12.025],
			"rotation": {"angle": 0, "axis": "y", "origin": [8, 0, 8.5]},
			"faces": {
				"north": {"uv": [14, 0.125, 14.125, 0.25], "texture": "#0"},
				"east": {"uv": [14, 0.125, 16, 0.25], "texture": "#0"},
				"south": {"uv": [14, 0.125, 14.125, 0.25], "texture": "#0"},
				"west": {"uv": [14, 0.125, 16, 0.25], "texture": "#0"},
				"up": {"uv": [14, 0.125, 14.125, 0.25], "texture": "#0"},
				"down": {"uv": [14, 0.25, 14.125, 0.375], "texture": "#0"}
			}
		},
		{
			"from": [-8.025, 22.975, 3.975],
			"to": [-5.975, 24.025, 13.025],
			"rotation": {"angle": 0, "axis": "y", "origin": [8, 0, 8.5]},
			"faces": {
				"north": {"uv": [14, 0.25, 14.125, 0.375], "texture": "#0"},
				"east": {"uv": [14, 0.25, 16, 0.375], "texture": "#0"},
				"south": {"uv": [14, 0.25, 14.125, 0.375], "texture": "#0"},
				"west": {"uv": [14, 0.25, 16, 0.375], "texture": "#0"},
				"up": {"uv": [14, 0.25, 14.125, 0.375], "texture": "#0"},
				"down": {"uv": [14, 0.375, 14.125, 0.5], "texture": "#0"}
			}
		},
		{
			"from": [21.975, 16.475, 3.975],
			"to": [24.025, 17.525, 13.025],
			"rotation": {"angle": 0, "axis": "y", "origin": [8, 0, 8.5]},
			"faces": {
				"north": {"uv": [14, 1.125, 14.125, 1.25], "texture": "#0"},
				"east": {"uv": [14, 1.125, 16, 1.25], "texture": "#0"},
				"south": {"uv": [14, 1.125, 14.125, 1.25], "texture": "#0"},
				"west": {"uv": [14, 1.125, 16, 1.25], "texture": "#0"},
				"up": {"uv": [14, 1.125, 14.125, 1.25], "texture": "#0"},
				"down": {"uv": [14, 1.25, 14.125, 1.375], "texture": "#0"}
			}
		},
		{
			"from": [21.975, 24.975, 5.975],
			"to": [24.025, 26.025, 11.025],
			"rotation": {"angle": 0, "axis": "y", "origin": [8, 0, 8.5]},
			"faces": {
				"north": {"uv": [14, 0, 14.125, 0.125], "texture": "#0"},
				"east": {"uv": [14, 0, 16, 0.125], "texture": "#0"},
				"south": {"uv": [14, 0, 14.125, 0.125], "texture": "#0"},
				"west": {"uv": [14, 0, 16, 0.125], "texture": "#0"},
				"up": {"uv": [14, 0, 14.125, 0.125], "texture": "#0"},
				"down": {"uv": [14, 0.125, 14.125, 0.25], "texture": "#0"}
			}
		},
		{
			"from": [21.975, 23.975, 4.975],
			"to": [24.025, 25.025, 12.025],
			"rotation": {"angle": 0, "axis": "y", "origin": [8, 0, 8.5]},
			"faces": {
				"north": {"uv": [14, 0.125, 14.125, 0.25], "texture": "#0"},
				"east": {"uv": [14, 0.125, 16, 0.25], "texture": "#0"},
				"south": {"uv": [14, 0.125, 14.125, 0.25], "texture": "#0"},
				"west": {"uv": [14, 0.125, 16, 0.25], "texture": "#0"},
				"up": {"uv": [14, 0.125, 14.125, 0.25], "texture": "#0"},
				"down": {"uv": [14, 0.25, 14.125, 0.375], "texture": "#0"}
			}
		},
		{
			"from": [21.975, 22.975, 3.975],
			"to": [24.025, 24.025, 13.025],
			"rotation": {"angle": 0, "axis": "y", "origin": [8, 0, 8.5]},
			"faces": {
				"north": {"uv": [14, 0.25, 14.125, 0.375], "texture": "#0"},
				"east": {"uv": [14, 0.25, 16, 0.375], "texture": "#0"},
				"south": {"uv": [14, 0.25, 14.125, 0.375], "texture": "#0"},
				"west": {"uv": [14, 0.25, 16, 0.375], "texture": "#0"},
				"up": {"uv": [14, 0.25, 14.125, 0.375], "texture": "#0"},
				"down": {"uv": [14, 0.375, 14.125, 0.5], "texture": "#0"}
			}
		},
		{
			"from": [21.975, 17.475, 2.975],
			"to": [24.025, 23.025, 14.025],
			"rotation": {"angle": 0, "axis": "y", "origin": [8, 0, 8.5]},
			"faces": {
				"north": {"uv": [14, 0.375, 14.125, 1.125], "texture": "#0"},
				"east": {"uv": [14, 0.375, 16, 1.125], "texture": "#0"},
				"south": {"uv": [14, 0.375, 14.125, 1.125], "texture": "#0"},
				"west": {"uv": [14, 0.375, 16, 1.125], "texture": "#0"},
				"up": {"uv": [14, 0.375, 14.125, 0.5], "texture": "#0"},
				"down": {"uv": [14, 1.125, 14.125, 1.25], "texture": "#0"}
			}
		},
		{
			"from": [21.975, 15.475, 4.975],
			"to": [24.025, 16.525, 12.025],
			"rotation": {"angle": 0, "axis": "y", "origin": [8, 0, 8.5]},
			"faces": {
				"north": {"uv": [14, 1.25, 14.125, 1.375], "texture": "#0"},
				"east": {"uv": [14, 1.25, 16, 1.375], "texture": "#0"},
				"south": {"uv": [14, 1.25, 14.125, 1.375], "texture": "#0"},
				"west": {"uv": [14, 1.25, 16, 1.375], "texture": "#0"},
				"up": {"uv": [14, 1.25, 14.125, 1.375], "texture": "#0"},
				"down": {"uv": [14, 1.375, 14.125, 1.5], "texture": "#0"}
			}
		},
		{
			"from": [21.975, 14.475, 5.975],
			"to": [24.025, 15.525, 11.025],
			"rotation": {"angle": 0, "axis": "y", "origin": [8, 0, 8.5]},
			"faces": {
				"north": {"uv": [14, 1.375, 14.125, 1.5], "texture": "#0"},
				"east": {"uv": [14, 1.375, 16, 1.5], "texture": "#0"},
				"south": {"uv": [14, 1.375, 14.125, 1.5], "texture": "#0"},
				"west": {"uv": [14, 1.375, 16, 1.5], "texture": "#0"},
				"up": {"uv": [14, 1.375, 14.125, 1.5], "texture": "#0"},
				"down": {"uv": [14, 1.5, 14.125, 1.625], "texture": "#0"}
			}
		},
		{
			"from": [5.975, 16.475, 3.975],
			"to": [10.025, 17.525, 13.025],
			"rotation": {"angle": 0, "axis": "y", "origin": [8, 0, 8.5]},
			"faces": {
				"north": {"uv": [14, 3.375, 14.125, 3.5], "texture": "#0"},
				"east": {"uv": [14, 3.375, 16, 3.5], "texture": "#0"},
				"south": {"uv": [14, 3.375, 14.125, 3.5], "texture": "#0"},
				"west": {"uv": [14, 3.375, 16, 3.5], "texture": "#0"},
				"up": {"uv": [14, 3.375, 14.125, 3.5], "texture": "#0"},
				"down": {"uv": [14, 3.5, 14.125, 3.625], "texture": "#0"}
			}
		},
		{
			"from": [5.975, 24.975, 5.975],
			"to": [10.025, 26.025, 11.025],
			"rotation": {"angle": 0, "axis": "y", "origin": [8, 0, 8.5]},
			"faces": {
				"north": {"uv": [14, 2.25, 14.125, 2.375], "texture": "#0"},
				"east": {"uv": [14, 2.25, 16, 2.375], "texture": "#0"},
				"south": {"uv": [14, 2.25, 14.125, 2.375], "texture": "#0"},
				"west": {"uv": [14, 2.25, 16, 2.375], "texture": "#0"},
				"up": {"uv": [14, 2.25, 14.125, 2.375], "texture": "#0"},
				"down": {"uv": [14, 2.375, 14.125, 2.5], "texture": "#0"}
			}
		},
		{
			"from": [5.975, 23.975, 4.975],
			"to": [10.025, 25.025, 12.025],
			"rotation": {"angle": 0, "axis": "y", "origin": [8, 0, 8.5]},
			"faces": {
				"north": {"uv": [14, 2.375, 14.125, 2.5], "texture": "#0"},
				"east": {"uv": [14, 2.375, 16, 2.5], "texture": "#0"},
				"south": {"uv": [14, 2.375, 14.125, 2.5], "texture": "#0"},
				"west": {"uv": [14, 2.375, 16, 2.5], "texture": "#0"},
				"up": {"uv": [14, 2.375, 14.125, 2.5], "texture": "#0"},
				"down": {"uv": [14, 2.5, 14.125, 2.625], "texture": "#0"}
			}
		},
		{
			"from": [5.975, 22.975, 3.975],
			"to": [10.025, 24.025, 13.025],
			"rotation": {"angle": 0, "axis": "y", "origin": [8, 0, 8.5]},
			"faces": {
				"north": {"uv": [14, 2.5, 14.125, 2.625], "texture": "#0"},
				"east": {"uv": [14, 2.5, 16, 2.625], "texture": "#0"},
				"south": {"uv": [14, 2.5, 14.125, 2.625], "texture": "#0"},
				"west": {"uv": [14, 2.5, 16, 2.625], "texture": "#0"},
				"up": {"uv": [14, 2.5, 14.125, 2.625], "texture": "#0"},
				"down": {"uv": [14, 2.625, 14.125, 2.75], "texture": "#0"}
			}
		},
		{
			"from": [5.975, 17.475, 2.975],
			"to": [10.025, 23.025, 14.025],
			"rotation": {"angle": 0, "axis": "y", "origin": [8, 0, 8.5]},
			"faces": {
				"north": {"uv": [14, 2.625, 14.125, 3.375], "texture": "#0"},
				"east": {"uv": [14, 2.625, 16, 3.375], "texture": "#0"},
				"south": {"uv": [14, 2.625, 14.125, 3.375], "texture": "#0"},
				"west": {"uv": [14, 2.625, 16, 3.375], "texture": "#0"},
				"up": {"uv": [14, 2.625, 14.125, 2.75], "texture": "#0"},
				"down": {"uv": [14, 3.375, 14.125, 3.5], "texture": "#0"}
			}
		},
		{
			"from": [5.975, 15.475, 4.975],
			"to": [10.025, 16.525, 12.025],
			"rotation": {"angle": 0, "axis": "y", "origin": [8, 0, 8.5]},
			"faces": {
				"north": {"uv": [14, 3.5, 14.125, 3.625], "texture": "#0"},
				"east": {"uv": [14, 3.5, 16, 3.625], "texture": "#0"},
				"south": {"uv": [14, 3.5, 14.125, 3.625], "texture": "#0"},
				"west": {"uv": [14, 3.5, 16, 3.625], "texture": "#0"},
				"up": {"uv": [14, 3.5, 14.125, 3.625], "texture": "#0"},
				"down": {"uv": [14, 3.625, 14.125, 3.75], "texture": "#0"}
			}
		}
	],
	"display": {
		"thirdperson_righthand": {
			"rotation": [0, 90, 0],
			"translation": [-0.5, -7.5, 1.5],
			"scale": [2, 2, 2]
		},
		"thirdperson_lefthand": {
			"rotation": [0, 90, 0],
			"translation": [-0.5, -7.5, 1.5],
			"scale": [2, 2, 2]
		},
		"firstperson_righthand": {
			"rotation": [90, 75, -90],
			"scale": [0.5, 0.5, 0.5]
		},
		"firstperson_lefthand": {
			"rotation": [90, 75, -90],
			"scale": [0.5, 0.5, 0.5]
		},
		"ground": {
			"scale": [2, 2, 2]
		},
		"gui": {
			"rotation": [-47, -33, -45],
			"translation": [-8, -8, 0],
			"scale": [2, 2, 2]
		},
		"head": {
			"translation": [-0.25, -2, 7.25],
			"scale": [0.45, 0.45, 0.45]
		},
		"fixed": {
			"translation": [0, -14, 0],
			"scale": [2, 2, 2]
		}
	},
	"groups": [
		{
			"name": "bone",
			"origin": [0, 0, 0],
			"color": 0,
			"children": [0, 1, 2, 3, 4, 5, 6, 7, 8, 9, 10, 11, 12, 13, 14, 15, 16, 17, 18, 19, 20, 21, 22, 23, 24, 25, 26, 27, 28, 29, 30, 31, 32, 33, 34, 35]
		}
	]
}