{
	"format_version": "1.21.6",
	"credit": "Made with Blockbench",
	"texture_size": [128, 128],
	"elements": [
		{
			"from": [10.25, 24.0625, 2.5],
			"to": [30.5, 25.5625, 14.5],
			"rotation": {"angle": 0, "axis": "y", "origin": [8, -9.6875, 8.5]},
			"faces": {
				"north": {"uv": [1, 3.875, 2.625, 4], "texture": "#1"},
				"east": {"uv": [0, 3.875, 1, 4], "texture": "#1"},
				"south": {"uv": [3.625, 3.875, 5.25, 4], "texture": "#1"},
				"west": {"uv": [2.625, 3.875, 3.625, 4], "texture": "#1"},
				"up": {"uv": [2.625, 3.875, 1, 2.875], "rotation": 180, "texture": "#1"},
				"down": {"uv": [4.25, 2.875, 2.625, 3.875], "rotation": 180, "texture": "#1"}
			}
		},
		{
			"from": [10.25, 25.5625, 4],
			"to": [30.5, 27.0625, 13],
			"rotation": {"angle": 0, "axis": "y", "origin": [8, -9.6875, 8.5]},
			"faces": {
				"north": {"uv": [4.75, 4.875, 6.375, 5], "texture": "#1"},
				"east": {"uv": [4, 4.875, 4.75, 5], "texture": "#1"},
				"south": {"uv": [7.125, 4.875, 8.75, 5], "texture": "#1"},
				"west": {"uv": [6.375, 4.875, 7.125, 5], "texture": "#1"},
				"up": {"uv": [6.375, 4.875, 4.75, 4.125], "rotation": 180, "texture": "#1"},
				"down": {"uv": [8, 4.125, 6.375, 4.875], "rotation": 180, "texture": "#1"}
			}
		},
		{
			"from": [10.25, 27.0625, 5.5],
			"to": [30.5, 28.5625, 11.5],
			"rotation": {"angle": 0, "axis": "y", "origin": [8, -9.6875, 8.5]},
			"faces": {
				"north": {"uv": [4.75, 3.375, 6.375, 3.5], "texture": "#1"},
				"east": {"uv": [4.25, 3.375, 4.75, 3.5], "texture": "#1"},
				"south": {"uv": [6.875, 3.375, 8.5, 3.5], "texture": "#1"},
				"west": {"uv": [6.375, 3.375, 6.875, 3.5], "texture": "#1"},
				"up": {"uv": [6.375, 3.375, 4.75, 2.875], "rotation": 180, "texture": "#1"},
				"down": {"uv": [8, 2.875, 6.375, 3.375], "rotation": 180, "texture": "#1"}
			}
		},
		{
			"from": [10.25, 17.3125, 1],
			"to": [30.5, 24.0625, 16],
			"rotation": {"angle": 0, "axis": "y", "origin": [8, -9.6875, 8.5]},
			"faces": {
				"north": {"uv": [1.25, 1.25, 2.875, 1.75], "texture": "#1"},
				"east": {"uv": [0, 1.25, 1.25, 1.75], "texture": "#1"},
				"south": {"uv": [4.125, 1.25, 5.75, 1.75], "texture": "#1"},
				"west": {"uv": [2.875, 1.25, 4.125, 1.75], "texture": "#1"},
				"up": {"uv": [2.875, 1.25, 1.25, 0], "rotation": 180, "texture": "#1"},
				"down": {"uv": [4.5, 0, 2.875, 1.25], "rotation": 180, "texture": "#1"}
			}
		},
		{
			"from": [10.25, 15.8125, 2.5],
			"to": [30.5, 17.3125, 14.5],
			"rotation": {"angle": 0, "axis": "y", "origin": [8, -9.6875, 8.5]},
			"faces": {
				"north": {"uv": [1, 2.75, 2.625, 2.875], "texture": "#1"},
				"east": {"uv": [0, 2.75, 1, 2.875], "texture": "#1"},
				"south": {"uv": [3.625, 2.75, 5.25, 2.875], "texture": "#1"},
				"west": {"uv": [2.625, 2.75, 3.625, 2.875], "texture": "#1"},
				"up": {"uv": [2.625, 2.75, 1, 1.75], "rotation": 180, "texture": "#1"},
				"down": {"uv": [4.25, 1.75, 2.625, 2.75], "rotation": 180, "texture": "#1"}
			}
		},
		{
			"from": [10.25, 14.3125, 4],
			"to": [30.5, 15.8125, 13],
			"rotation": {"angle": 0, "axis": "y", "origin": [8, -9.6875, 8.5]},
			"faces": {
				"north": {"uv": [0.75, 4.75, 2.375, 4.875], "texture": "#1"},
				"east": {"uv": [0, 4.75, 0.75, 4.875], "texture": "#1"},
				"south": {"uv": [3.125, 4.75, 4.75, 4.875], "texture": "#1"},
				"west": {"uv": [2.375, 4.75, 3.125, 4.875], "texture": "#1"},
				"up": {"uv": [2.375, 4.75, 0.75, 4], "rotation": 180, "texture": "#1"},
				"down": {"uv": [4, 4, 2.375, 4.75], "rotation": 180, "texture": "#1"}
			}
		},
		{
			"from": [10.25, 12.8125, 5.5],
			"to": [30.5, 14.3125, 11.5],
			"rotation": {"angle": 0, "axis": "y", "origin": [8, -9.6875, 8.5]},
			"faces": {
				"north": {"uv": [4.75, 2.25, 6.375, 2.375], "texture": "#1"},
				"east": {"uv": [4.25, 2.25, 4.75, 2.375], "texture": "#1"},
				"south": {"uv": [6.875, 2.25, 8.5, 2.375], "texture": "#1"},
				"west": {"uv": [6.375, 2.25, 6.875, 2.375], "texture": "#1"},
				"up": {"uv": [6.375, 2.25, 4.75, 1.75], "rotation": 180, "texture": "#1"},
				"down": {"uv": [8, 1.75, 6.375, 2.25], "rotation": 180, "texture": "#1"}
			}
		},
		{
			"from": [-14.5, 27.0625, 5.5],
			"to": [5.75, 28.5625, 11.5],
			"rotation": {"angle": 0, "axis": "y", "origin": [8, -9.6875, 8.5]},
			"faces": {
				"north": {"uv": [4.75, 3.375, 6.375, 3.5], "texture": "#1"},
				"east": {"uv": [4.25, 3.375, 4.75, 3.5], "texture": "#1"},
				"south": {"uv": [6.875, 3.375, 8.5, 3.5], "texture": "#1"},
				"west": {"uv": [6.375, 3.375, 6.875, 3.5], "texture": "#1"},
				"up": {"uv": [6.375, 3.375, 4.75, 2.875], "rotation": 180, "texture": "#1"},
				"down": {"uv": [8, 2.875, 6.375, 3.375], "rotation": 180, "texture": "#1"}
			}
		},
		{
			"from": [-14.5, 25.5625, 4],
			"to": [5.75, 27.0625, 13],
			"rotation": {"angle": 0, "axis": "y", "origin": [8, -9.6875, 8.5]},
			"faces": {
				"north": {"uv": [4.75, 4.875, 6.375, 5], "texture": "#1"},
				"east": {"uv": [4, 4.875, 4.75, 5], "texture": "#1"},
				"south": {"uv": [7.125, 4.875, 8.75, 5], "texture": "#1"},
				"west": {"uv": [6.375, 4.875, 7.125, 5], "texture": "#1"},
				"up": {"uv": [6.375, 4.875, 4.75, 4.125], "rotation": 180, "texture": "#1"},
				"down": {"uv": [8, 4.125, 6.375, 4.875], "rotation": 180, "texture": "#1"}
			}
		},
		{
			"from": [-14.5, 24.0625, 2.5],
			"to": [5.75, 25.5625, 14.5],
			"rotation": {"angle": 0, "axis": "y", "origin": [8, -9.6875, 8.5]},
			"faces": {
				"north": {"uv": [1, 3.875, 2.625, 4], "texture": "#1"},
				"east": {"uv": [0, 3.875, 1, 4], "texture": "#1"},
				"south": {"uv": [3.625, 3.875, 5.25, 4], "texture": "#1"},
				"west": {"uv": [2.625, 3.875, 3.625, 4], "texture": "#1"},
				"up": {"uv": [2.625, 3.875, 1, 2.875], "rotation": 180, "texture": "#1"},
				"down": {"uv": [4.25, 2.875, 2.625, 3.875], "rotation": 180, "texture": "#1"}
			}
		},
		{
			"from": [-14.5, 17.3125, 1],
			"to": [5.75, 24.0625, 16],
			"rotation": {"angle": 0, "axis": "y", "origin": [8, -9.6875, 8.5]},
			"faces": {
				"north": {"uv": [1.25, 1.25, 2.875, 1.75], "texture": "#1"},
				"east": {"uv": [0, 1.25, 1.25, 1.75], "texture": "#1"},
				"south": {"uv": [4.125, 1.25, 5.75, 1.75], "texture": "#1"},
				"west": {"uv": [2.875, 1.25, 4.125, 1.75], "texture": "#1"},
				"up": {"uv": [2.875, 1.25, 1.25, 0], "rotation": 180, "texture": "#1"},
				"down": {"uv": [4.5, 0, 2.875, 1.25], "rotation": 180, "texture": "#1"}
			}
		},
		{
			"from": [-14.5, 12.8125, 5.5],
			"to": [5.75, 14.3125, 11.5],
			"rotation": {"angle": 0, "axis": "y", "origin": [8, -9.6875, 8.5]},
			"faces": {
				"north": {"uv": [4.75, 2.25, 6.375, 2.375], "texture": "#1"},
				"east": {"uv": [4.25, 2.25, 4.75, 2.375], "texture": "#1"},
				"south": {"uv": [6.875, 2.25, 8.5, 2.375], "texture": "#1"},
				"west": {"uv": [6.375, 2.25, 6.875, 2.375], "texture": "#1"},
				"up": {"uv": [6.375, 2.25, 4.75, 1.75], "rotation": 180, "texture": "#1"},
				"down": {"uv": [8, 1.75, 6.375, 2.25], "rotation": 180, "texture": "#1"}
			}
		},
		{
			"from": [-14.5, 15.8125, 2.5],
			"to": [5.75, 17.3125, 14.5],
			"rotation": {"angle": 0, "axis": "y", "origin": [8, -9.6875, 8.5]},
			"faces": {
				"north": {"uv": [1, 2.75, 2.625, 2.875], "texture": "#1"},
				"east": {"uv": [0, 2.75, 1, 2.875], "texture": "#1"},
				"south": {"uv": [3.625, 2.75, 5.25, 2.875], "texture": "#1"},
				"west": {"uv": [2.625, 2.75, 3.625, 2.875], "texture": "#1"},
				"up": {"uv": [2.625, 2.75, 1, 1.75], "rotation": 180, "texture": "#1"},
				"down": {"uv": [4.25, 1.75, 2.625, 2.75], "rotation": 180, "texture": "#1"}
			}
		},
		{
			"from": [-14.5, 14.3125, 4],
			"to": [5.75, 15.8125, 13],
			"rotation": {"angle": 0, "axis": "y", "origin": [8, -9.6875, 8.5]},
			"faces": {
				"north": {"uv": [0.75, 4.75, 2.375, 4.875], "texture": "#1"},
				"east": {"uv": [0, 4.75, 0.75, 4.875], "texture": "#1"},
				"south": {"uv": [3.125, 4.75, 4.75, 4.875], "texture": "#1"},
				"west": {"uv": [2.375, 4.75, 3.125, 4.875], "texture": "#1"},
				"up": {"uv": [2.375, 4.75, 0.75, 4], "rotation": 180, "texture": "#1"},
				"down": {"uv": [4, 4, 2.375, 4.75], "rotation": 180, "texture": "#1"}
			}
		},
		{
			"from": [5.75, -9.6875, 6.25],
			"to": [10.25, 30.0625, 10.75],
			"rotation": {"angle": 0, "axis": "y", "origin": [8, -9.6875, 8.5]},
			"faces": {
				"north": {"uv": [0.375, 5.25, 0.75, 8.5], "texture": "#1"},
				"east": {"uv": [0, 5.25, 0.375, 8.5], "texture": "#1"},
				"south": {"uv": [1.125, 5.25, 1.5, 8.5], "texture": "#1"},
				"west": {"uv": [0.75, 5.25, 1.125, 8.5], "texture": "#1"},
				"up": {"uv": [0.75, 5.25, 0.375, 4.875], "texture": "#1"},
				"down": {"uv": [1.125, 4.875, 0.75, 5.25], "texture": "#1"}
			}
		},
		{
			"from": [-16, 15.025, 1.7125],
			"to": [-12.9625, 16.6, 15.2875],
			"rotation": {"angle": 0, "axis": "y", "origin": [-1, 15.8125, 18.25]},
			"faces": {
				"north": {"uv": [14, 1.125, 14.125, 1.25], "texture": "#1"},
				"east": {"uv": [14, 1.125, 16, 1.25], "texture": "#1"},
				"south": {"uv": [14, 1.125, 14.125, 1.25], "texture": "#1"},
				"west": {"uv": [14, 1.125, 16, 1.25], "texture": "#1"},
				"up": {"uv": [14, 1.125, 14.125, 1.25], "texture": "#1"},
				"down": {"uv": [14, 1.25, 14.125, 1.375], "texture": "#1"}
			}
		},
		{
			"from": [-16, 13.525, 3.2125],
			"to": [-12.9625, 15.1, 13.7875],
			"rotation": {"angle": 0, "axis": "y", "origin": [-1, 14.3125, 18.25]},
			"faces": {
				"north": {"uv": [14, 1.25, 14.125, 1.375], "texture": "#1"},
				"east": {"uv": [14, 1.25, 16, 1.375], "texture": "#1"},
				"south": {"uv": [14, 1.25, 14.125, 1.375], "texture": "#1"},
				"west": {"uv": [14, 1.25, 16, 1.375], "texture": "#1"},
				"up": {"uv": [14, 1.25, 14.125, 1.375], "texture": "#1"},
				"down": {"uv": [14, 1.375, 14.125, 1.5], "texture": "#1"}
			}
		},
		{
			"from": [-16, 12.025, 4.7125],
			"to": [-12.9625, 13.6, 12.2875],
			"rotation": {"angle": 0, "axis": "y", "origin": [-1, 12.8125, 18.25]},
			"faces": {
				"north": {"uv": [14, 1.375, 14.125, 1.5], "texture": "#1"},
				"east": {"uv": [14, 1.375, 16, 1.5], "texture": "#1"},
				"south": {"uv": [14, 1.375, 14.125, 1.5], "texture": "#1"},
				"west": {"uv": [14, 1.375, 16, 1.5], "texture": "#1"},
				"up": {"uv": [14, 1.375, 14.125, 1.5], "texture": "#1"},
				"down": {"uv": [14, 1.5, 14.125, 1.625], "texture": "#1"}
			}
		},
		{
			"from": [-16, 16.525, 0.2125],
			"to": [-12.9625, 24.85, 16.7875],
			"rotation": {"angle": 0, "axis": "y", "origin": [-1, 17.3125, 18.25]},
			"faces": {
				"north": {"uv": [14, 0.375, 14.125, 1.125], "texture": "#1"},
				"east": {"uv": [14, 0.375, 16, 1.125], "texture": "#1"},
				"south": {"uv": [14, 0.375, 14.125, 1.125], "texture": "#1"},
				"west": {"uv": [14, 0.375, 16, 1.125], "texture": "#1"},
				"up": {"uv": [14, 0.375, 14.125, 0.5], "texture": "#1"},
				"down": {"uv": [14, 1.125, 14.125, 1.25], "texture": "#1"}
			}
		},
		{
			"from": [-16, 27.775, 4.7125],
			"to": [-12.9625, 29.35, 12.2875],
			"rotation": {"angle": 0, "axis": "y", "origin": [-1, 28.5625, 18.25]},
			"faces": {
				"north": {"uv": [14, 0, 14.125, 0.125], "texture": "#1"},
				"east": {"uv": [14, 0, 16, 0.125], "texture": "#1"},
				"south": {"uv": [14, 0, 14.125, 0.125], "texture": "#1"},
				"west": {"uv": [14, 0, 16, 0.125], "texture": "#1"},
				"up": {"uv": [14, 0, 14.125, 0.125], "texture": "#1"},
				"down": {"uv": [14, 0.125, 14.125, 0.25], "texture": "#1"}
			}
		},
		{
			"from": [-16, 26.275, 3.2125],
			"to": [-12.9625, 27.85, 13.7875],
			"rotation": {"angle": 0, "axis": "y", "origin": [-1, 27.0625, 18.25]},
			"faces": {
				"north": {"uv": [14, 0.125, 14.125, 0.25], "texture": "#1"},
				"east": {"uv": [14, 0.125, 16, 0.25], "texture": "#1"},
				"south": {"uv": [14, 0.125, 14.125, 0.25], "texture": "#1"},
				"west": {"uv": [14, 0.125, 16, 0.25], "texture": "#1"},
				"up": {"uv": [14, 0.125, 14.125, 0.25], "texture": "#1"},
				"down": {"uv": [14, 0.25, 14.125, 0.375], "texture": "#1"}
			}
		},
		{
			"from": [-16, 24.775, 1.7125],
			"to": [-12.9625, 26.35, 15.2875],
			"rotation": {"angle": 0, "axis": "y", "origin": [-1, 25.5625, 18.25]},
			"faces": {
				"north": {"uv": [14, 0.25, 14.125, 0.375], "texture": "#1"},
				"east": {"uv": [14, 0.25, 16, 0.375], "texture": "#1"},
				"south": {"uv": [14, 0.25, 14.125, 0.375], "texture": "#1"},
				"west": {"uv": [14, 0.25, 16, 0.375], "texture": "#1"},
				"up": {"uv": [14, 0.25, 14.125, 0.375], "texture": "#1"},
				"down": {"uv": [14, 0.375, 14.125, 0.5], "texture": "#1"}
			}
		},
		{
			"from": [28.9625, 15.025, 1.7125],
			"to": [32, 16.6, 15.2875],
			"rotation": {"angle": 0, "axis": "y", "origin": [44, 15.8125, 18.25]},
			"faces": {
				"north": {"uv": [14, 1.125, 14.125, 1.25], "texture": "#1"},
				"east": {"uv": [14, 1.125, 16, 1.25], "texture": "#1"},
				"south": {"uv": [14, 1.125, 14.125, 1.25], "texture": "#1"},
				"west": {"uv": [14, 1.125, 16, 1.25], "texture": "#1"},
				"up": {"uv": [14, 1.125, 14.125, 1.25], "texture": "#1"},
				"down": {"uv": [14, 1.25, 14.125, 1.375], "texture": "#1"}
			}
		},
		{
			"from": [28.9625, 27.775, 4.7125],
			"to": [32, 29.35, 12.2875],
			"rotation": {"angle": 0, "axis": "y", "origin": [44, 28.5625, 18.25]},
			"faces": {
				"north": {"uv": [14, 0, 14.125, 0.125], "texture": "#1"},
				"east": {"uv": [14, 0, 16, 0.125], "texture": "#1"},
				"south": {"uv": [14, 0, 14.125, 0.125], "texture": "#1"},
				"west": {"uv": [14, 0, 16, 0.125], "texture": "#1"},
				"up": {"uv": [14, 0, 14.125, 0.125], "texture": "#1"},
				"down": {"uv": [14, 0.125, 14.125, 0.25], "texture": "#1"}
			}
		},
		{
			"from": [28.9625, 26.275, 3.2125],
			"to": [32, 27.85, 13.7875],
			"rotation": {"angle": 0, "axis": "y", "origin": [44, 27.0625, 18.25]},
			"faces": {
				"north": {"uv": [14, 0.125, 14.125, 0.25], "texture": "#1"},
				"east": {"uv": [14, 0.125, 16, 0.25], "texture": "#1"},
				"south": {"uv": [14, 0.125, 14.125, 0.25], "texture": "#1"},
				"west": {"uv": [14, 0.125, 16, 0.25], "texture": "#1"},
				"up": {"uv": [14, 0.125, 14.125, 0.25], "texture": "#1"},
				"down": {"uv": [14, 0.25, 14.125, 0.375], "texture": "#1"}
			}
		},
		{
			"from": [28.9625, 24.775, 1.7125],
			"to": [32, 26.35, 15.2875],
			"rotation": {"angle": 0, "axis": "y", "origin": [44, 25.5625, 18.25]},
			"faces": {
				"north": {"uv": [14, 0.25, 14.125, 0.375], "texture": "#1"},
				"east": {"uv": [14, 0.25, 16, 0.375], "texture": "#1"},
				"south": {"uv": [14, 0.25, 14.125, 0.375], "texture": "#1"},
				"west": {"uv": [14, 0.25, 16, 0.375], "texture": "#1"},
				"up": {"uv": [14, 0.25, 14.125, 0.375], "texture": "#1"},
				"down": {"uv": [14, 0.375, 14.125, 0.5], "texture": "#1"}
			}
		},
		{
			"from": [28.9625, 16.525, 0.2125],
			"to": [32, 24.85, 16.7875],
			"rotation": {"angle": 0, "axis": "y", "origin": [44, 17.3125, 18.25]},
			"faces": {
				"north": {"uv": [14, 0.375, 14.125, 1.125], "texture": "#1"},
				"east": {"uv": [14, 0.375, 16, 1.125], "texture": "#1"},
				"south": {"uv": [14, 0.375, 14.125, 1.125], "texture": "#1"},
				"west": {"uv": [14, 0.375, 16, 1.125], "texture": "#1"},
				"up": {"uv": [14, 0.375, 14.125, 0.5], "texture": "#1"},
				"down": {"uv": [14, 1.125, 14.125, 1.25], "texture": "#1"}
			}
		},
		{
			"from": [28.9625, 13.525, 3.2125],
			"to": [32, 15.1, 13.7875],
			"rotation": {"angle": 0, "axis": "y", "origin": [44, 14.3125, 18.25]},
			"faces": {
				"north": {"uv": [14, 1.25, 14.125, 1.375], "texture": "#1"},
				"east": {"uv": [14, 1.25, 16, 1.375], "texture": "#1"},
				"south": {"uv": [14, 1.25, 14.125, 1.375], "texture": "#1"},
				"west": {"uv": [14, 1.25, 16, 1.375], "texture": "#1"},
				"up": {"uv": [14, 1.25, 14.125, 1.375], "texture": "#1"},
				"down": {"uv": [14, 1.375, 14.125, 1.5], "texture": "#1"}
			}
		},
		{
			"from": [28.9625, 12.025, 4.7125],
			"to": [32, 13.6, 12.2875],
			"rotation": {"angle": 0, "axis": "y", "origin": [44, 12.8125, 18.25]},
			"faces": {
				"north": {"uv": [14, 1.375, 14.125, 1.5], "texture": "#1"},
				"east": {"uv": [14, 1.375, 16, 1.5], "texture": "#1"},
				"south": {"uv": [14, 1.375, 14.125, 1.5], "texture": "#1"},
				"west": {"uv": [14, 1.375, 16, 1.5], "texture": "#1"},
				"up": {"uv": [14, 1.375, 14.125, 1.5], "texture": "#1"},
				"down": {"uv": [14, 1.5, 14.125, 1.625], "texture": "#1"}
			}
		},
		{
			"from": [4.9625, 15.025, 1.7125],
			"to": [11.0375, 16.6, 15.2875],
			"rotation": {"angle": 0, "axis": "y", "origin": [23, 15.8125, 18.25]},
			"faces": {
				"north": {"uv": [14, 3.375, 14.125, 3.5], "texture": "#1"},
				"east": {"uv": [14, 3.375, 16, 3.5], "texture": "#1"},
				"south": {"uv": [14, 3.375, 14.125, 3.5], "texture": "#1"},
				"west": {"uv": [14, 3.375, 16, 3.5], "texture": "#1"},
				"up": {"uv": [14, 3.375, 14.125, 3.5], "texture": "#1"},
				"down": {"uv": [14, 3.5, 14.125, 3.625], "texture": "#1"}
			}
		},
		{
			"from": [4.9625, 27.775, 4.7125],
			"to": [11.0375, 29.35, 12.2875],
			"rotation": {"angle": 0, "axis": "y", "origin": [23, 28.5625, 18.25]},
			"faces": {
				"north": {"uv": [14, 2.25, 14.125, 2.375], "texture": "#1"},
				"east": {"uv": [14, 2.25, 16, 2.375], "texture": "#1"},
				"south": {"uv": [14, 2.25, 14.125, 2.375], "texture": "#1"},
				"west": {"uv": [14, 2.25, 16, 2.375], "texture": "#1"},
				"up": {"uv": [14, 2.25, 14.125, 2.375], "texture": "#1"},
				"down": {"uv": [14, 2.375, 14.125, 2.5], "texture": "#1"}
			}
		},
		{
			"from": [4.9625, 26.275, 3.2125],
			"to": [11.0375, 27.85, 13.7875],
			"rotation": {"angle": 0, "axis": "y", "origin": [23, 27.0625, 18.25]},
			"faces": {
				"north": {"uv": [14, 2.375, 14.125, 2.5], "texture": "#1"},
				"east": {"uv": [14, 2.375, 16, 2.5], "texture": "#1"},
				"south": {"uv": [14, 2.375, 14.125, 2.5], "texture": "#1"},
				"west": {"uv": [14, 2.375, 16, 2.5], "texture": "#1"},
				"up": {"uv": [14, 2.375, 14.125, 2.5], "texture": "#1"},
				"down": {"uv": [14, 2.5, 14.125, 2.625], "texture": "#1"}
			}
		},
		{
			"from": [4.9625, 24.775, 1.7125],
			"to": [11.0375, 26.35, 15.2875],
			"rotation": {"angle": 0, "axis": "y", "origin": [23, 25.5625, 18.25]},
			"faces": {
				"north": {"uv": [14, 2.5, 14.125, 2.625], "texture": "#1"},
				"east": {"uv": [14, 2.5, 16, 2.625], "texture": "#1"},
				"south": {"uv": [14, 2.5, 14.125, 2.625], "texture": "#1"},
				"west": {"uv": [14, 2.5, 16, 2.625], "texture": "#1"},
				"up": {"uv": [14, 2.5, 14.125, 2.625], "texture": "#1"},
				"down": {"uv": [14, 2.625, 14.125, 2.75], "texture": "#1"}
			}
		},
		{
			"from": [4.9625, 16.525, 0.2125],
			"to": [11.0375, 24.85, 16.7875],
			"rotation": {"angle": 0, "axis": "y", "origin": [23, 17.3125, 18.25]},
			"faces": {
				"north": {"uv": [14, 2.625, 14.125, 3.375], "texture": "#1"},
				"east": {"uv": [14, 2.625, 16, 3.375], "texture": "#1"},
				"south": {"uv": [14, 2.625, 14.125, 3.375], "texture": "#1"},
				"west": {"uv": [14, 2.625, 16, 3.375], "texture": "#1"},
				"up": {"uv": [14, 2.625, 14.125, 2.75], "texture": "#1"},
				"down": {"uv": [14, 3.375, 14.125, 3.5], "texture": "#1"}
			}
		},
		{
			"from": [4.9625, 13.525, 3.2125],
			"to": [11.0375, 15.1, 13.7875],
			"rotation": {"angle": 0, "axis": "y", "origin": [23, 14.3125, 18.25]},
			"faces": {
				"north": {"uv": [14, 3.5, 14.125, 3.625], "texture": "#1"},
				"east": {"uv": [14, 3.5, 16, 3.625], "texture": "#1"},
				"south": {"uv": [14, 3.5, 14.125, 3.625], "texture": "#1"},
				"west": {"uv": [14, 3.5, 16, 3.625], "texture": "#1"},
				"up": {"uv": [14, 3.5, 14.125, 3.625], "texture": "#1"},
				"down": {"uv": [14, 3.625, 14.125, 3.75], "texture": "#1"}
			}
		},
		{
			"from": [4.9625, 12.025, 4.7125],
			"to": [11.0375, 13.6, 12.2875],
			"rotation": {"angle": 0, "axis": "y", "origin": [23, 12.8125, 18.25]},
			"faces": {
				"north": {"uv": [14, 3.625, 14.125, 3.75], "texture": "#1"},
				"east": {"uv": [14, 3.625, 16, 3.75], "texture": "#1"},
				"south": {"uv": [14, 3.625, 14.125, 3.75], "texture": "#1"},
				"west": {"uv": [14, 3.625, 16, 3.75], "texture": "#1"},
				"up": {"uv": [14, 3.625, 14.125, 3.75], "texture": "#1"},
				"down": {"uv": [14, 3.75, 14.125, 3.875], "texture": "#1"}
			}
		},
		{
			"from": [13.11836, 19.41865, 0.975],
			"to": [28.11836, 22.41865, 0.975],
			"rotation": {"angle": 0, "axis": "y", "origin": [20.61836, 20.91865, 0.975]},
			"faces": {
				"north": {"uv": [0, 0, 16, 2.75], "texture": "#2"},
				"east": {"uv": [0, 0, 0, 0], "texture": "#2"},
				"south": {"uv": [0, 0, 0, 0], "texture": "#2"},
				"west": {"uv": [0, 0, 0, 0], "texture": "#2"},
				"up": {"uv": [0, 0, 0, 0], "texture": "#2"},
				"down": {"uv": [0, 0, 0, 0], "texture": "#2"}
			}
		},
		{
			"from": [13.11836, 19.41865, 16.025],
			"to": [28.11836, 22.41865, 16.025],
			"rotation": {"angle": 0, "axis": "y", "origin": [20.61836, 20.91865, 16.025]},
			"faces": {
				"north": {"uv": [0, 13, 16, 16], "texture": "#2"},
				"east": {"uv": [0, 0, 0, 0], "texture": "#2"},
				"south": {"uv": [0, 13, 16, 16], "texture": "#2"},
				"west": {"uv": [0, 0, 0, 0], "texture": "#2"},
				"up": {"uv": [0, 0, 0, 0], "texture": "#2"},
				"down": {"uv": [0, 0, 0, 0], "texture": "#2"}
			}
		},
		{
			"from": [-10.88164, 18.91865, 0.975],
			"to": [2.11836, 22.91865, 0.975],
			"rotation": {"angle": 0, "axis": "y", "origin": [-4.38164, 20.41865, 0.975]},
			"faces": {
				"north": {"uv": [0, 2.75, 16, 7.875], "texture": "#2"},
				"east": {"uv": [0, 0, 0, 0], "texture": "#2"},
				"south": {"uv": [0, 0, 0, 0], "texture": "#2"},
				"west": {"uv": [0, 0, 0, 0], "texture": "#2"},
				"up": {"uv": [0, 0, 0, 0], "texture": "#2"},
				"down": {"uv": [0, 0, 0, 0], "texture": "#2"}
			}
		},
		{
			"from": [-10.88164, 18.91865, 16.025],
			"to": [2.11836, 22.91865, 16.025],
			"rotation": {"angle": 0, "axis": "y", "origin": [-4.38164, 20.41865, 16.025]},
			"faces": {
				"north": {"uv": [0, 0, 0, 0], "texture": "#2"},
				"east": {"uv": [0, 0, 0, 0], "texture": "#2"},
				"south": {"uv": [0, 7.875, 16, 13], "texture": "#2"},
				"west": {"uv": [0, 0, 0, 0], "texture": "#2"},
				"up": {"uv": [0, 0, 0, 0], "rotation": 180, "texture": "#2"},
				"down": {"uv": [0, 0, 0, 0], "rotation": 180, "texture": "#2"}
			}
		},
		{
			"from": [5.375, -10, 5.875],
			"to": [10.625, 5.75, 11.125],
			"rotation": {"angle": 0, "axis": "y", "origin": [8, -8.125, 8.5]},
			"faces": {
				"north": {"uv": [9.625, 0, 10, 1.25], "texture": "#1"},
				"east": {"uv": [9.625, 0, 10, 1.25], "texture": "#1"},
				"south": {"uv": [9.625, 0, 10, 1.25], "texture": "#1"},
				"west": {"uv": [9.625, 0, 10, 1.25], "texture": "#1"},
				"up": {"uv": [9.625, 0, 10, 0.375], "texture": "#1"},
				"down": {"uv": [9.625, 0, 10, 0.375], "texture": "#1"}
			}
		}
	],
	"display": {
		"thirdperson_righthand": {
			"rotation": [0, 90, 0],
			"translation": [-0.5, -7.5, 1.5],
			"scale": [3, 3, 3]
		},
		"thirdperson_lefthand": {
			"rotation": [0, 90, 0],
			"translation": [-0.5, 35, 1.5],
			"scale": [3, 3, 3]
		},
		"firstperson_righthand": {
			"rotation": [90, 75, -90],
			"scale": [0.5, 0.5, 0.5]
		},
		"firstperson_lefthand": {
			"rotation": [90, 75, -90],
			"scale": [0.5, 0.5, 0.5]
		},
		"ground": {
			"scale": [3, 3, 3]
		},
		"gui": {
			"rotation": [-47, -33, -45],
			"translation": [-8, -8, 0],
			"scale": [3, 3, 3]
		},
		"head": {
			"translation": [-0.25, -2, 7.25]
		},
		"fixed": {
			"translation": [0, -16, 0],
			"scale": [3, 3, 3]
		}
	},
	"groups": [
		{
			"name": "bone",
			"origin": [0, 0, 0],
			"color": 0,
			"children": [0, 1, 2, 3, 4, 5, 6, 7, 8, 9, 10, 11, 12, 13, 14, 15, 16, 17, 18, 19, 20, 21, 22, 23, 24, 25, 26, 27, 28, 29, 30, 31, 32, 33, 34, 35, 36, 37, 38, 39, 40]
		}
	]
}