{
	"format_version": "1.21.11",
	"credit": "Made with Blockbench",
	"texture_size": [128, 128],
	"elements": [
		{
			"from": [4.21875, 16.28125, 5.34375],
			"to": [11.78125, 17.59375, 11.65625],
			"rotation": {"angle": 0, "axis": "y", "origin": [8, -1.8125, 8.5]},
			"faces": {
				"north": {"uv": [14, 3.625, 14.125, 3.75], "texture": "#0"},
				"east": {"uv": [14, 3.625, 16, 3.75], "texture": "#0"},
				"south": {"uv": [14, 3.625, 14.125, 3.75], "texture": "#0"},
				"west": {"uv": [14, 3.625, 16, 3.75], "texture": "#0"},
				"up": {"uv": [14, 3.625, 14.125, 3.75], "texture": "#0"},
				"down": {"uv": [14, 3.75, 14.125, 3.875], "texture": "#0"}
			}
		},
		{
			"from": [9.875, 26.3125, 3.5],
			"to": [26.75, 27.5625, 13.5],
			"rotation": {"angle": 0, "axis": "y", "origin": [8, -1.8125, 8.5]},
			"faces": {
				"north": {"uv": [1, 3.875, 2.625, 4], "texture": "#0"},
				"east": {"uv": [0, 3.875, 1, 4], "texture": "#0"},
				"south": {"uv": [3.625, 3.875, 5.25, 4], "texture": "#0"},
				"west": {"uv": [2.625, 3.875, 3.625, 4], "texture": "#0"},
				"up": {"uv": [2.625, 3.875, 1, 2.875], "rotation": 180, "texture": "#0"},
				"down": {"uv": [4.25, 2.875, 2.625, 3.875], "rotation": 180, "texture": "#0"}
			}
		},
		{
			"from": [9.875, 27.5625, 4.75],
			"to": [26.75, 28.8125, 12.25],
			"rotation": {"angle": 0, "axis": "y", "origin": [8, -1.8125, 8.5]},
			"faces": {
				"north": {"uv": [4.75, 4.875, 6.375, 5], "texture": "#0"},
				"east": {"uv": [4, 4.875, 4.75, 5], "texture": "#0"},
				"south": {"uv": [7.125, 4.875, 8.75, 5], "texture": "#0"},
				"west": {"uv": [6.375, 4.875, 7.125, 5], "texture": "#0"},
				"up": {"uv": [6.375, 4.875, 4.75, 4.125], "rotation": 180, "texture": "#0"},
				"down": {"uv": [8, 4.125, 6.375, 4.875], "rotation": 180, "texture": "#0"}
			}
		},
		{
			"from": [9.875, 28.8125, 6],
			"to": [26.75, 30.0625, 11],
			"rotation": {"angle": 0, "axis": "y", "origin": [8, -1.8125, 8.5]},
			"faces": {
				"north": {"uv": [4.75, 3.375, 6.375, 3.5], "texture": "#0"},
				"east": {"uv": [4.25, 3.375, 4.75, 3.5], "texture": "#0"},
				"south": {"uv": [6.875, 3.375, 8.5, 3.5], "texture": "#0"},
				"west": {"uv": [6.375, 3.375, 6.875, 3.5], "texture": "#0"},
				"up": {"uv": [6.375, 3.375, 4.75, 2.875], "rotation": 180, "texture": "#0"},
				"down": {"uv": [8, 2.875, 6.375, 3.375], "rotation": 180, "texture": "#0"}
			}
		},
		{
			"from": [9.875, 20.6875, 2.25],
			"to": [26.75, 26.3125, 14.75],
			"rotation": {"angle": 0, "axis": "y", "origin": [8, -1.8125, 8.5]},
			"faces": {
				"north": {"uv": [1.25, 1.25, 2.875, 1.75], "texture": "#0"},
				"east": {"uv": [0, 1.25, 1.25, 1.75], "texture": "#0"},
				"south": {"uv": [4.125, 1.25, 5.75, 1.75], "texture": "#0"},
				"west": {"uv": [2.875, 1.25, 4.125, 1.75], "texture": "#0"},
				"up": {"uv": [2.875, 1.25, 1.25, 0], "rotation": 180, "texture": "#0"},
				"down": {"uv": [4.5, 0, 2.875, 1.25], "rotation": 180, "texture": "#0"}
			}
		},
		{
			"from": [9.875, 19.4375, 3.5],
			"to": [26.75, 20.6875, 13.5],
			"rotation": {"angle": 0, "axis": "y", "origin": [8, -1.8125, 8.5]},
			"faces": {
				"north": {"uv": [1, 2.75, 2.625, 2.875], "texture": "#0"},
				"east": {"uv": [0, 2.75, 1, 2.875], "texture": "#0"},
				"south": {"uv": [3.625, 2.75, 5.25, 2.875], "texture": "#0"},
				"west": {"uv": [2.625, 2.75, 3.625, 2.875], "texture": "#0"},
				"up": {"uv": [2.625, 2.75, 1, 1.75], "rotation": 180, "texture": "#0"},
				"down": {"uv": [4.25, 1.75, 2.625, 2.75], "rotation": 180, "texture": "#0"}
			}
		},
		{
			"from": [9.875, 18.1875, 4.75],
			"to": [26.75, 19.4375, 12.25],
			"rotation": {"angle": 0, "axis": "y", "origin": [8, -1.8125, 8.5]},
			"faces": {
				"north": {"uv": [0.75, 4.75, 2.375, 4.875], "texture": "#0"},
				"east": {"uv": [0, 4.75, 0.75, 4.875], "texture": "#0"},
				"south": {"uv": [3.125, 4.75, 4.75, 4.875], "texture": "#0"},
				"west": {"uv": [2.375, 4.75, 3.125, 4.875], "texture": "#0"},
				"up": {"uv": [2.375, 4.75, 0.75, 4], "rotation": 180, "texture": "#0"},
				"down": {"uv": [4, 4, 2.375, 4.75], "rotation": 180, "texture": "#0"}
			}
		},
		{
			"from": [9.875, 16.9375, 6],
			"to": [26.75, 18.1875, 11],
			"rotation": {"angle": 0, "axis": "y", "origin": [8, -1.8125, 8.5]},
			"faces": {
				"north": {"uv": [4.75, 2.25, 6.375, 2.375], "texture": "#0"},
				"east": {"uv": [4.25, 2.25, 4.75, 2.375], "texture": "#0"},
				"south": {"uv": [6.875, 2.25, 8.5, 2.375], "texture": "#0"},
				"west": {"uv": [6.375, 2.25, 6.875, 2.375], "texture": "#0"},
				"up": {"uv": [6.375, 2.25, 4.75, 1.75], "rotation": 180, "texture": "#0"},
				"down": {"uv": [8, 1.75, 6.375, 2.25], "rotation": 180, "texture": "#0"}
			}
		},
		{
			"from": [-10.75, 28.8125, 6],
			"to": [6.125, 30.0625, 11],
			"rotation": {"angle": 0, "axis": "y", "origin": [8, -1.8125, 8.5]},
			"faces": {
				"north": {"uv": [6.375, 3.375, 4.75, 3.5], "texture": "#0"},
				"east": {"uv": [4.75, 3.375, 4.25, 3.5], "texture": "#0"},
				"south": {"uv": [8.5, 3.375, 6.875, 3.5], "texture": "#0"},
				"west": {"uv": [6.875, 3.375, 6.375, 3.5], "texture": "#0"},
				"up": {"uv": [4.75, 3.375, 6.375, 2.875], "rotation": 180, "texture": "#0"},
				"down": {"uv": [6.375, 2.875, 8, 3.375], "rotation": 180, "texture": "#0"}
			}
		},
		{
			"from": [-10.75, 27.5625, 4.75],
			"to": [6.125, 28.8125, 12.25],
			"rotation": {"angle": 0, "axis": "y", "origin": [8, -1.8125, 8.5]},
			"faces": {
				"north": {"uv": [6.375, 4.875, 4.75, 5], "texture": "#0"},
				"east": {"uv": [4.75, 4.875, 4, 5], "texture": "#0"},
				"south": {"uv": [8.75, 4.875, 7.125, 5], "texture": "#0"},
				"west": {"uv": [7.125, 4.875, 6.375, 5], "texture": "#0"},
				"up": {"uv": [4.75, 4.875, 6.375, 4.125], "rotation": 180, "texture": "#0"},
				"down": {"uv": [6.375, 4.125, 8, 4.875], "rotation": 180, "texture": "#0"}
			}
		},
		{
			"from": [-10.75, 26.3125, 3.5],
			"to": [6.125, 27.5625, 13.5],
			"rotation": {"angle": 0, "axis": "y", "origin": [8, -1.8125, 8.5]},
			"faces": {
				"north": {"uv": [2.625, 3.875, 1, 4], "texture": "#0"},
				"east": {"uv": [1, 3.875, 0, 4], "texture": "#0"},
				"south": {"uv": [5.25, 3.875, 3.625, 4], "texture": "#0"},
				"west": {"uv": [3.625, 3.875, 2.625, 4], "texture": "#0"},
				"up": {"uv": [1, 3.875, 2.625, 2.875], "rotation": 180, "texture": "#0"},
				"down": {"uv": [2.625, 2.875, 4.25, 3.875], "rotation": 180, "texture": "#0"}
			}
		},
		{
			"from": [-10.75, 20.6875, 2.25],
			"to": [6.125, 26.3125, 14.75],
			"rotation": {"angle": 0, "axis": "y", "origin": [8, -1.8125, 8.5]},
			"faces": {
				"north": {"uv": [2.875, 1.25, 1.25, 1.75], "texture": "#0"},
				"east": {"uv": [1.25, 1.25, 0, 1.75], "texture": "#0"},
				"south": {"uv": [5.75, 1.25, 4.125, 1.75], "texture": "#0"},
				"west": {"uv": [4.125, 1.25, 2.875, 1.75], "texture": "#0"},
				"up": {"uv": [1.25, 1.25, 2.875, 0], "rotation": 180, "texture": "#0"},
				"down": {"uv": [2.875, 0, 4.5, 1.25], "rotation": 180, "texture": "#0"}
			}
		},
		{
			"from": [-10.75, 16.9375, 6],
			"to": [6.125, 18.1875, 11],
			"rotation": {"angle": 0, "axis": "y", "origin": [8, -1.8125, 8.5]},
			"faces": {
				"north": {"uv": [6.375, 2.25, 4.75, 2.375], "texture": "#0"},
				"east": {"uv": [4.75, 2.25, 4.25, 2.375], "texture": "#0"},
				"south": {"uv": [8.5, 2.25, 6.875, 2.375], "texture": "#0"},
				"west": {"uv": [6.875, 2.25, 6.375, 2.375], "texture": "#0"},
				"up": {"uv": [4.75, 2.25, 6.375, 1.75], "rotation": 180, "texture": "#0"},
				"down": {"uv": [6.375, 1.75, 8, 2.25], "rotation": 180, "texture": "#0"}
			}
		},
		{
			"from": [-10.75, 19.4375, 3.5],
			"to": [6.125, 20.6875, 13.5],
			"rotation": {"angle": 0, "axis": "y", "origin": [8, -1.8125, 8.5]},
			"faces": {
				"north": {"uv": [2.625, 2.75, 1, 2.875], "texture": "#0"},
				"east": {"uv": [1, 2.75, 0, 2.875], "texture": "#0"},
				"south": {"uv": [5.25, 2.75, 3.625, 2.875], "texture": "#0"},
				"west": {"uv": [3.625, 2.75, 2.625, 2.875], "texture": "#0"},
				"up": {"uv": [1, 2.75, 2.625, 1.75], "rotation": 180, "texture": "#0"},
				"down": {"uv": [2.625, 1.75, 4.25, 2.75], "rotation": 180, "texture": "#0"}
			}
		},
		{
			"from": [-10.75, 18.1875, 4.75],
			"to": [6.125, 19.4375, 12.25],
			"rotation": {"angle": 0, "axis": "y", "origin": [8, -1.8125, 8.5]},
			"faces": {
				"north": {"uv": [2.375, 4.75, 0.75, 4.875], "texture": "#0"},
				"east": {"uv": [0.75, 4.75, 0, 4.875], "texture": "#0"},
				"south": {"uv": [4.75, 4.75, 3.125, 4.875], "texture": "#0"},
				"west": {"uv": [3.125, 4.75, 2.375, 4.875], "texture": "#0"},
				"up": {"uv": [0.75, 4.75, 2.375, 4], "rotation": 180, "texture": "#0"},
				"down": {"uv": [2.375, 4, 4, 4.75], "rotation": 180, "texture": "#0"}
			}
		},
		{
			"from": [6.125, -1.8125, 6.625],
			"to": [9.875, 30.0625, 10.375],
			"rotation": {"angle": 0, "axis": "y", "origin": [8, -1.8125, 8.5]},
			"faces": {
				"north": {"uv": [0.375, 5.25, 0.75, 8.5], "texture": "#0"},
				"east": {"uv": [0, 5.25, 0.375, 8.5], "texture": "#0"},
				"south": {"uv": [1.125, 5.25, 1.5, 8.5], "texture": "#0"},
				"west": {"uv": [0.75, 5.25, 1.125, 8.5], "texture": "#0"},
				"up": {"uv": [0.75, 5.25, 0.375, 4.875], "texture": "#0"},
				"down": {"uv": [1.125, 4.875, 0.75, 5.25], "texture": "#0"}
			}
		},
		{
			"from": [-12.03125, 18.78125, 2.84375],
			"to": [-9.46875, 20.09375, 14.15625],
			"rotation": {"angle": 0, "axis": "y", "origin": [8, -1.8125, 8.5]},
			"faces": {
				"north": {"uv": [14, 1.125, 14.125, 1.25], "texture": "#0"},
				"east": {"uv": [14, 1.125, 16, 1.25], "texture": "#0"},
				"south": {"uv": [14, 1.125, 14.125, 1.25], "texture": "#0"},
				"west": {"uv": [14, 1.125, 16, 1.25], "texture": "#0"},
				"up": {"uv": [14, 1.125, 14.125, 1.25], "texture": "#0"},
				"down": {"uv": [14, 1.25, 14.125, 1.375], "texture": "#0"}
			}
		},
		{
			"from": [-12.03125, 17.53125, 4.09375],
			"to": [-9.46875, 18.84375, 12.90625],
			"rotation": {"angle": 0, "axis": "y", "origin": [8, -1.8125, 8.5]},
			"faces": {
				"north": {"uv": [14, 1.25, 14.125, 1.375], "texture": "#0"},
				"east": {"uv": [14, 1.25, 16, 1.375], "texture": "#0"},
				"south": {"uv": [14, 1.25, 14.125, 1.375], "texture": "#0"},
				"west": {"uv": [14, 1.25, 16, 1.375], "texture": "#0"},
				"up": {"uv": [14, 1.25, 14.125, 1.375], "texture": "#0"},
				"down": {"uv": [14, 1.375, 14.125, 1.5], "texture": "#0"}
			}
		},
		{
			"from": [-12.03125, 16.28125, 5.34375],
			"to": [-9.46875, 17.59375, 11.65625],
			"rotation": {"angle": 0, "axis": "y", "origin": [8, -1.8125, 8.5]},
			"faces": {
				"north": {"uv": [14, 1.375, 14.125, 1.5], "texture": "#0"},
				"east": {"uv": [14, 1.375, 16, 1.5], "texture": "#0"},
				"south": {"uv": [14, 1.375, 14.125, 1.5], "texture": "#0"},
				"west": {"uv": [14, 1.375, 16, 1.5], "texture": "#0"},
				"up": {"uv": [14, 1.375, 14.125, 1.5], "texture": "#0"},
				"down": {"uv": [14, 1.5, 14.125, 1.625], "texture": "#0"}
			}
		},
		{
			"from": [-12.03125, 20.03125, 1.59375],
			"to": [-9.46875, 26.96875, 15.40625],
			"rotation": {"angle": 0, "axis": "y", "origin": [8, -1.8125, 8.5]},
			"faces": {
				"north": {"uv": [14, 0.375, 14.125, 1.125], "texture": "#0"},
				"east": {"uv": [14, 0.375, 16, 1.125], "texture": "#0"},
				"south": {"uv": [14, 0.375, 14.125, 1.125], "texture": "#0"},
				"west": {"uv": [14, 0.375, 16, 1.125], "texture": "#0"},
				"up": {"uv": [14, 0.375, 14.125, 0.5], "texture": "#0"},
				"down": {"uv": [14, 1.125, 14.125, 1.25], "texture": "#0"}
			}
		},
		{
			"from": [-12.03125, 29.40625, 5.34375],
			"to": [-9.46875, 30.71875, 11.65625],
			"rotation": {"angle": 0, "axis": "y", "origin": [8, -1.8125, 8.5]},
			"faces": {
				"north": {"uv": [14, 0, 14.125, 0.125], "texture": "#0"},
				"east": {"uv": [14, 0, 16, 0.125], "texture": "#0"},
				"south": {"uv": [14, 0, 14.125, 0.125], "texture": "#0"},
				"west": {"uv": [14, 0, 16, 0.125], "texture": "#0"},
				"up": {"uv": [14, 0, 14.125, 0.125], "texture": "#0"},
				"down": {"uv": [14, 0.125, 14.125, 0.25], "texture": "#0"}
			}
		},
		{
			"from": [-12.03125, 28.15625, 4.09375],
			"to": [-9.46875, 29.46875, 12.90625],
			"rotation": {"angle": 0, "axis": "y", "origin": [8, -1.8125, 8.5]},
			"faces": {
				"north": {"uv": [14, 0.125, 14.125, 0.25], "texture": "#0"},
				"east": {"uv": [14, 0.125, 16, 0.25], "texture": "#0"},
				"south": {"uv": [14, 0.125, 14.125, 0.25], "texture": "#0"},
				"west": {"uv": [14, 0.125, 16, 0.25], "texture": "#0"},
				"up": {"uv": [14, 0.125, 14.125, 0.25], "texture": "#0"},
				"down": {"uv": [14, 0.25, 14.125, 0.375], "texture": "#0"}
			}
		},
		{
			"from": [-12.03125, 26.90625, 2.84375],
			"to": [-9.46875, 28.21875, 14.15625],
			"rotation": {"angle": 0, "axis": "y", "origin": [8, -1.8125, 8.5]},
			"faces": {
				"north": {"uv": [14, 0.25, 14.125, 0.375], "texture": "#0"},
				"east": {"uv": [14, 0.25, 16, 0.375], "texture": "#0"},
				"south": {"uv": [14, 0.25, 14.125, 0.375], "texture": "#0"},
				"west": {"uv": [14, 0.25, 16, 0.375], "texture": "#0"},
				"up": {"uv": [14, 0.25, 14.125, 0.375], "texture": "#0"},
				"down": {"uv": [14, 0.375, 14.125, 0.5], "texture": "#0"}
			}
		},
		{
			"from": [25.46875, 18.78125, 2.84375],
			"to": [28.03125, 20.09375, 14.15625],
			"rotation": {"angle": 0, "axis": "y", "origin": [8, -1.8125, 8.5]},
			"faces": {
				"north": {"uv": [14, 1.125, 14.125, 1.25], "texture": "#0"},
				"east": {"uv": [14, 1.125, 16, 1.25], "texture": "#0"},
				"south": {"uv": [14, 1.125, 14.125, 1.25], "texture": "#0"},
				"west": {"uv": [14, 1.125, 16, 1.25], "texture": "#0"},
				"up": {"uv": [14, 1.125, 14.125, 1.25], "texture": "#0"},
				"down": {"uv": [14, 1.25, 14.125, 1.375], "texture": "#0"}
			}
		},
		{
			"from": [25.46875, 29.40625, 5.34375],
			"to": [28.03125, 30.71875, 11.65625],
			"rotation": {"angle": 0, "axis": "y", "origin": [8, -1.8125, 8.5]},
			"faces": {
				"north": {"uv": [14, 0, 14.125, 0.125], "texture": "#0"},
				"east": {"uv": [14, 0, 16, 0.125], "texture": "#0"},
				"south": {"uv": [14, 0, 14.125, 0.125], "texture": "#0"},
				"west": {"uv": [14, 0, 16, 0.125], "texture": "#0"},
				"up": {"uv": [14, 0, 14.125, 0.125], "texture": "#0"},
				"down": {"uv": [14, 0.125, 14.125, 0.25], "texture": "#0"}
			}
		},
		{
			"from": [25.46875, 28.15625, 4.09375],
			"to": [28.03125, 29.46875, 12.90625],
			"rotation": {"angle": 0, "axis": "y", "origin": [8, -1.8125, 8.5]},
			"faces": {
				"north": {"uv": [14, 0.125, 14.125, 0.25], "texture": "#0"},
				"east": {"uv": [14, 0.125, 16, 0.25], "texture": "#0"},
				"south": {"uv": [14, 0.125, 14.125, 0.25], "texture": "#0"},
				"west": {"uv": [14, 0.125, 16, 0.25], "texture": "#0"},
				"up": {"uv": [14, 0.125, 14.125, 0.25], "texture": "#0"},
				"down": {"uv": [14, 0.25, 14.125, 0.375], "texture": "#0"}
			}
		},
		{
			"from": [25.46875, 26.90625, 2.84375],
			"to": [28.03125, 28.21875, 14.15625],
			"rotation": {"angle": 0, "axis": "y", "origin": [8, -1.8125, 8.5]},
			"faces": {
				"north": {"uv": [14, 0.25, 14.125, 0.375], "texture": "#0"},
				"east": {"uv": [14, 0.25, 16, 0.375], "texture": "#0"},
				"south": {"uv": [14, 0.25, 14.125, 0.375], "texture": "#0"},
				"west": {"uv": [14, 0.25, 16, 0.375], "texture": "#0"},
				"up": {"uv": [14, 0.25, 14.125, 0.375], "texture": "#0"},
				"down": {"uv": [14, 0.375, 14.125, 0.5], "texture": "#0"}
			}
		},
		{
			"from": [25.46875, 20.03125, 1.59375],
			"to": [28.03125, 26.96875, 15.40625],
			"rotation": {"angle": 0, "axis": "y", "origin": [8, -1.8125, 8.5]},
			"faces": {
				"north": {"uv": [14, 0.375, 14.125, 1.125], "texture": "#0"},
				"east": {"uv": [14, 0.375, 16, 1.125], "texture": "#0"},
				"south": {"uv": [14, 0.375, 14.125, 1.125], "texture": "#0"},
				"west": {"uv": [14, 0.375, 16, 1.125], "texture": "#0"},
				"up": {"uv": [14, 0.375, 14.125, 0.5], "texture": "#0"},
				"down": {"uv": [14, 1.125, 14.125, 1.25], "texture": "#0"}
			}
		},
		{
			"from": [25.46875, 17.53125, 4.09375],
			"to": [28.03125, 18.84375, 12.90625],
			"rotation": {"angle": 0, "axis": "y", "origin": [8, -1.8125, 8.5]},
			"faces": {
				"north": {"uv": [14, 1.25, 14.125, 1.375], "texture": "#0"},
				"east": {"uv": [14, 1.25, 16, 1.375], "texture": "#0"},
				"south": {"uv": [14, 1.25, 14.125, 1.375], "texture": "#0"},
				"west": {"uv": [14, 1.25, 16, 1.375], "texture": "#0"},
				"up": {"uv": [14, 1.25, 14.125, 1.375], "texture": "#0"},
				"down": {"uv": [14, 1.375, 14.125, 1.5], "texture": "#0"}
			}
		},
		{
			"from": [25.46875, 16.28125, 5.34375],
			"to": [28.03125, 17.59375, 11.65625],
			"rotation": {"angle": 0, "axis": "y", "origin": [8, -1.8125, 8.5]},
			"faces": {
				"north": {"uv": [14, 1.375, 14.125, 1.5], "texture": "#0"},
				"east": {"uv": [14, 1.375, 16, 1.5], "texture": "#0"},
				"south": {"uv": [14, 1.375, 14.125, 1.5], "texture": "#0"},
				"west": {"uv": [14, 1.375, 16, 1.5], "texture": "#0"},
				"up": {"uv": [14, 1.375, 14.125, 1.5], "texture": "#0"},
				"down": {"uv": [14, 1.5, 14.125, 1.625], "texture": "#0"}
			}
		},
		{
			"from": [4.21875, 18.78125, 2.84375],
			"to": [11.78125, 20.09375, 14.15625],
			"rotation": {"angle": 0, "axis": "y", "origin": [8, -1.8125, 8.5]},
			"faces": {
				"north": {"uv": [14, 3.375, 14.125, 3.5], "texture": "#0"},
				"east": {"uv": [14, 3.375, 16, 3.5], "texture": "#0"},
				"south": {"uv": [14, 3.375, 14.125, 3.5], "texture": "#0"},
				"west": {"uv": [14, 3.375, 16, 3.5], "texture": "#0"},
				"up": {"uv": [14, 3.375, 14.125, 3.5], "texture": "#0"},
				"down": {"uv": [14, 3.5, 14.125, 3.625], "texture": "#0"}
			}
		},
		{
			"from": [4.21875, 29.40625, 5.34375],
			"to": [11.78125, 30.71875, 11.65625],
			"rotation": {"angle": 0, "axis": "y", "origin": [8, -1.8125, 8.5]},
			"faces": {
				"north": {"uv": [14, 2.25, 14.125, 2.375], "texture": "#0"},
				"east": {"uv": [14, 2.25, 16, 2.375], "texture": "#0"},
				"south": {"uv": [14, 2.25, 14.125, 2.375], "texture": "#0"},
				"west": {"uv": [14, 2.25, 16, 2.375], "texture": "#0"},
				"up": {"uv": [14, 2.25, 14.125, 2.375], "texture": "#0"},
				"down": {"uv": [14, 2.375, 14.125, 2.5], "texture": "#0"}
			}
		},
		{
			"from": [4.21875, 28.15625, 4.09375],
			"to": [11.78125, 29.46875, 12.90625],
			"rotation": {"angle": 0, "axis": "y", "origin": [8, -1.8125, 8.5]},
			"faces": {
				"north": {"uv": [14, 2.375, 14.125, 2.5], "texture": "#0"},
				"east": {"uv": [14, 2.375, 16, 2.5], "texture": "#0"},
				"south": {"uv": [14, 2.375, 14.125, 2.5], "texture": "#0"},
				"west": {"uv": [14, 2.375, 16, 2.5], "texture": "#0"},
				"up": {"uv": [14, 2.375, 14.125, 2.5], "texture": "#0"},
				"down": {"uv": [14, 2.5, 14.125, 2.625], "texture": "#0"}
			}
		},
		{
			"from": [4.21875, 26.90625, 2.84375],
			"to": [11.78125, 28.21875, 14.15625],
			"rotation": {"angle": 0, "axis": "y", "origin": [8, -1.8125, 8.5]},
			"faces": {
				"north": {"uv": [14, 2.5, 14.125, 2.625], "texture": "#0"},
				"east": {"uv": [14, 2.5, 16, 2.625], "texture": "#0"},
				"south": {"uv": [14, 2.5, 14.125, 2.625], "texture": "#0"},
				"west": {"uv": [14, 2.5, 16, 2.625], "texture": "#0"},
				"up": {"uv": [14, 2.5, 14.125, 2.625], "texture": "#0"},
				"down": {"uv": [14, 2.625, 14.125, 2.75], "texture": "#0"}
			}
		},
		{
			"from": [4.21875, 20.03125, 1.59375],
			"to": [11.78125, 26.96875, 15.40625],
			"rotation": {"angle": 0, "axis": "y", "origin": [8, -1.8125, 8.5]},
			"faces": {
				"north": {"uv": [14, 2.625, 14.125, 3.375], "texture": "#0"},
				"east": {"uv": [14, 2.625, 16, 3.375], "texture": "#0"},
				"south": {"uv": [14, 2.625, 14.125, 3.375], "texture": "#0"},
				"west": {"uv": [14, 2.625, 16, 3.375], "texture": "#0"},
				"up": {"uv": [14, 2.625, 14.125, 2.75], "texture": "#0"},
				"down": {"uv": [14, 3.375, 14.125, 3.5], "texture": "#0"}
			}
		},
		{
			"from": [4.21875, 17.53125, 4.09375],
			"to": [11.78125, 18.84375, 12.90625],
			"rotation": {"angle": 0, "axis": "y", "origin": [8, -1.8125, 8.5]},
			"faces": {
				"north": {"uv": [14, 3.5, 14.125, 3.625], "texture": "#0"},
				"east": {"uv": [14, 3.5, 16, 3.625], "texture": "#0"},
				"south": {"uv": [14, 3.5, 14.125, 3.625], "texture": "#0"},
				"west": {"uv": [14, 3.5, 16, 3.625], "texture": "#0"},
				"up": {"uv": [14, 3.5, 14.125, 3.625], "texture": "#0"},
				"down": {"uv": [14, 3.625, 14.125, 3.75], "texture": "#0"}
			}
		},
		{
			"from": [5.8125, -2.125, 6.3125],
			"to": [10.1875, 11, 10.6875],
			"rotation": {"angle": 0, "axis": "y", "origin": [8, -0.5625, 8.5]},
			"faces": {
				"north": {"uv": [9.625, 0, 10, 1.25], "texture": "#0"},
				"east": {"uv": [9.625, 0, 10, 1.25], "texture": "#0"},
				"south": {"uv": [9.625, 0, 10, 1.25], "texture": "#0"},
				"west": {"uv": [9.625, 0, 10, 1.25], "texture": "#0"},
				"up": {"uv": [9.625, 0, 10, 0.375], "texture": "#0"},
				"down": {"uv": [9.625, 0, 10, 0.375], "texture": "#0"}
			}
		}
	],
	"display": {
		"thirdperson_righthand": {
			"rotation": [0, 90, 0],
			"translation": [-1.25, 7, 0.75],
			"scale": [4, 4, 4]
		},
		"thirdperson_lefthand": {
			"rotation": [0, 90, 0],
			"translation": [-1.25, 7, -0.75],
			"scale": [4, 4, 4]
		},
		"firstperson_righthand": {
			"rotation": [90, 75, -90],
			"scale": [0.5, 0.5, 0.5]
		},
		"firstperson_lefthand": {
			"rotation": [90, 75, -90],
			"scale": [0.5, 0.5, 0.5]
		},
		"ground": {
			"scale": [4, 4, 4]
		},
		"gui": {
			"rotation": [-47, -33, -45],
			"translation": [-17, -17, 0],
			"scale": [4, 4, 4]
		},
		"head": {
			"translation": [-0.25, 4, 7.25],
			"scale": [0.45, 0.45, 0.45]
		},
		"fixed": {
			"translation": [0, -18, 0],
			"scale": [4, 4, 4]
		}
	},
	"groups": [
		{
			"name": "bone",
			"origin": [0, 0, 0],
			"color": 0,
			"children": [0, 1, 2, 3, 4, 5, 6, 7, 8, 9, 10, 11, 12, 13, 14, 15, 16, 17, 18, 19, 20, 21, 22, 23, 24, 25, 26, 27, 28, 29, 30, 31, 32, 33, 34, 35, 36]
		}
	]
}