{
	"format_version": "1.21.11",
	"credit": "Made with Blockbench",
	"texture_size": [128, 128],
	"elements": [
		{
			"from": [3.4383, 14.0813, 4.6923],
			"to": [12.5617, 15.6647, 12.3077],
			"rotation": {"angle": 0, "axis": "y", "origin": [8, -7.747, 8.5]},
			"faces": {
				"north": {"uv": [14, 3.625, 14.125, 3.75], "texture": "#0"},
				"east": {"uv": [14, 3.625, 16, 3.75], "texture": "#0"},
				"south": {"uv": [14, 3.625, 14.125, 3.75], "texture": "#0"},
				"west": {"uv": [14, 3.625, 16, 3.75], "texture": "#0"},
				"up": {"uv": [14, 3.625, 14.125, 3.75], "texture": "#0"},
				"down": {"uv": [14, 3.75, 14.125, 3.875], "texture": "#0"}
			}
		},
		{
			"from": [10.262, 26.183, 2.468],
			"to": [30.62, 27.691, 14.532],
			"rotation": {"angle": 0, "axis": "y", "origin": [8, -7.747, 8.5]},
			"faces": {
				"north": {"uv": [1, 3.875, 2.625, 4], "texture": "#0"},
				"east": {"uv": [0, 3.875, 1, 4], "texture": "#0"},
				"south": {"uv": [3.625, 3.875, 5.25, 4], "texture": "#0"},
				"west": {"uv": [2.625, 3.875, 3.625, 4], "texture": "#0"},
				"up": {"uv": [2.625, 3.875, 1, 2.875], "rotation": 180, "texture": "#0"},
				"down": {"uv": [4.25, 2.875, 2.625, 3.875], "rotation": 180, "texture": "#0"}
			}
		},
		{
			"from": [10.262, 27.691, 3.976],
			"to": [30.62, 29.199, 13.024],
			"rotation": {"angle": 0, "axis": "y", "origin": [8, -7.747, 8.5]},
			"faces": {
				"north": {"uv": [4.75, 4.875, 6.375, 5], "texture": "#0"},
				"east": {"uv": [4, 4.875, 4.75, 5], "texture": "#0"},
				"south": {"uv": [7.125, 4.875, 8.75, 5], "texture": "#0"},
				"west": {"uv": [6.375, 4.875, 7.125, 5], "texture": "#0"},
				"up": {"uv": [6.375, 4.875, 4.75, 4.125], "rotation": 180, "texture": "#0"},
				"down": {"uv": [8, 4.125, 6.375, 4.875], "rotation": 180, "texture": "#0"}
			}
		},
		{
			"from": [10.262, 29.199, 5.484],
			"to": [30.62, 30.707, 11.516],
			"rotation": {"angle": 0, "axis": "y", "origin": [8, -7.747, 8.5]},
			"faces": {
				"north": {"uv": [4.75, 3.375, 6.375, 3.5], "texture": "#0"},
				"east": {"uv": [4.25, 3.375, 4.75, 3.5], "texture": "#0"},
				"south": {"uv": [6.875, 3.375, 8.5, 3.5], "texture": "#0"},
				"west": {"uv": [6.375, 3.375, 6.875, 3.5], "texture": "#0"},
				"up": {"uv": [6.375, 3.375, 4.75, 2.875], "rotation": 180, "texture": "#0"},
				"down": {"uv": [8, 2.875, 6.375, 3.375], "rotation": 180, "texture": "#0"}
			}
		},
		{
			"from": [10.262, 19.397, 0.96],
			"to": [30.62, 26.183, 16.04],
			"rotation": {"angle": 0, "axis": "y", "origin": [8, -7.747, 8.5]},
			"faces": {
				"north": {"uv": [1.25, 1.25, 2.875, 1.75], "texture": "#0"},
				"east": {"uv": [0, 1.25, 1.25, 1.75], "texture": "#0"},
				"south": {"uv": [4.125, 1.25, 5.75, 1.75], "texture": "#0"},
				"west": {"uv": [2.875, 1.25, 4.125, 1.75], "texture": "#0"},
				"up": {"uv": [2.875, 1.25, 1.25, 0], "rotation": 180, "texture": "#0"},
				"down": {"uv": [4.5, 0, 2.875, 1.25], "rotation": 180, "texture": "#0"}
			}
		},
		{
			"from": [10.262, 17.889, 2.468],
			"to": [30.62, 19.397, 14.532],
			"rotation": {"angle": 0, "axis": "y", "origin": [8, -7.747, 8.5]},
			"faces": {
				"north": {"uv": [1, 2.75, 2.625, 2.875], "texture": "#0"},
				"east": {"uv": [0, 2.75, 1, 2.875], "texture": "#0"},
				"south": {"uv": [3.625, 2.75, 5.25, 2.875], "texture": "#0"},
				"west": {"uv": [2.625, 2.75, 3.625, 2.875], "texture": "#0"},
				"up": {"uv": [2.625, 2.75, 1, 1.75], "rotation": 180, "texture": "#0"},
				"down": {"uv": [4.25, 1.75, 2.625, 2.75], "rotation": 180, "texture": "#0"}
			}
		},
		{
			"from": [10.262, 16.381, 3.976],
			"to": [30.62, 17.889, 13.024],
			"rotation": {"angle": 0, "axis": "y", "origin": [8, -7.747, 8.5]},
			"faces": {
				"north": {"uv": [0.75, 4.75, 2.375, 4.875], "texture": "#0"},
				"east": {"uv": [0, 4.75, 0.75, 4.875], "texture": "#0"},
				"south": {"uv": [3.125, 4.75, 4.75, 4.875], "texture": "#0"},
				"west": {"uv": [2.375, 4.75, 3.125, 4.875], "texture": "#0"},
				"up": {"uv": [2.375, 4.75, 0.75, 4], "rotation": 180, "texture": "#0"},
				"down": {"uv": [4, 4, 2.375, 4.75], "rotation": 180, "texture": "#0"}
			}
		},
		{
			"from": [10.262, 14.873, 5.484],
			"to": [30.62, 16.381, 11.516],
			"rotation": {"angle": 0, "axis": "y", "origin": [8, -7.747, 8.5]},
			"faces": {
				"north": {"uv": [4.75, 2.25, 6.375, 2.375], "texture": "#0"},
				"east": {"uv": [4.25, 2.25, 4.75, 2.375], "texture": "#0"},
				"south": {"uv": [6.875, 2.25, 8.5, 2.375], "texture": "#0"},
				"west": {"uv": [6.375, 2.25, 6.875, 2.375], "texture": "#0"},
				"up": {"uv": [6.375, 2.25, 4.75, 1.75], "rotation": 180, "texture": "#0"},
				"down": {"uv": [8, 1.75, 6.375, 2.25], "rotation": 180, "texture": "#0"}
			}
		},
		{
			"from": [-14.62, 29.199, 5.484],
			"to": [5.738, 30.707, 11.516],
			"rotation": {"angle": 0, "axis": "y", "origin": [8, -7.747, 8.5]},
			"faces": {
				"north": {"uv": [6.375, 3.375, 4.75, 3.5], "texture": "#0"},
				"east": {"uv": [4.75, 3.375, 4.25, 3.5], "texture": "#0"},
				"south": {"uv": [8.5, 3.375, 6.875, 3.5], "texture": "#0"},
				"west": {"uv": [6.875, 3.375, 6.375, 3.5], "texture": "#0"},
				"up": {"uv": [4.75, 3.375, 6.375, 2.875], "rotation": 180, "texture": "#0"},
				"down": {"uv": [6.375, 2.875, 8, 3.375], "rotation": 180, "texture": "#0"}
			}
		},
		{
			"from": [-14.62, 27.691, 3.976],
			"to": [5.738, 29.199, 13.024],
			"rotation": {"angle": 0, "axis": "y", "origin": [8, -7.747, 8.5]},
			"faces": {
				"north": {"uv": [6.375, 4.875, 4.75, 5], "texture": "#0"},
				"east": {"uv": [4.75, 4.875, 4, 5], "texture": "#0"},
				"south": {"uv": [8.75, 4.875, 7.125, 5], "texture": "#0"},
				"west": {"uv": [7.125, 4.875, 6.375, 5], "texture": "#0"},
				"up": {"uv": [4.75, 4.875, 6.375, 4.125], "rotation": 180, "texture": "#0"},
				"down": {"uv": [6.375, 4.125, 8, 4.875], "rotation": 180, "texture": "#0"}
			}
		},
		{
			"from": [-14.62, 26.183, 2.468],
			"to": [5.738, 27.691, 14.532],
			"rotation": {"angle": 0, "axis": "y", "origin": [8, -7.747, 8.5]},
			"faces": {
				"north": {"uv": [2.625, 3.875, 1, 4], "texture": "#0"},
				"east": {"uv": [1, 3.875, 0, 4], "texture": "#0"},
				"south": {"uv": [5.25, 3.875, 3.625, 4], "texture": "#0"},
				"west": {"uv": [3.625, 3.875, 2.625, 4], "texture": "#0"},
				"up": {"uv": [1, 3.875, 2.625, 2.875], "rotation": 180, "texture": "#0"},
				"down": {"uv": [2.625, 2.875, 4.25, 3.875], "rotation": 180, "texture": "#0"}
			}
		},
		{
			"from": [-14.62, 19.397, 0.96],
			"to": [5.738, 26.183, 16.04],
			"rotation": {"angle": 0, "axis": "y", "origin": [8, -7.747, 8.5]},
			"faces": {
				"north": {"uv": [2.875, 1.25, 1.25, 1.75], "texture": "#0"},
				"east": {"uv": [1.25, 1.25, 0, 1.75], "texture": "#0"},
				"south": {"uv": [5.75, 1.25, 4.125, 1.75], "texture": "#0"},
				"west": {"uv": [4.125, 1.25, 2.875, 1.75], "texture": "#0"},
				"up": {"uv": [1.25, 1.25, 2.875, 0], "rotation": 180, "texture": "#0"},
				"down": {"uv": [2.875, 0, 4.5, 1.25], "rotation": 180, "texture": "#0"}
			}
		},
		{
			"from": [-14.62, 14.873, 5.484],
			"to": [5.738, 16.381, 11.516],
			"rotation": {"angle": 0, "axis": "y", "origin": [8, -7.747, 8.5]},
			"faces": {
				"north": {"uv": [6.375, 2.25, 4.75, 2.375], "texture": "#0"},
				"east": {"uv": [4.75, 2.25, 4.25, 2.375], "texture": "#0"},
				"south": {"uv": [8.5, 2.25, 6.875, 2.375], "texture": "#0"},
				"west": {"uv": [6.875, 2.25, 6.375, 2.375], "texture": "#0"},
				"up": {"uv": [4.75, 2.25, 6.375, 1.75], "rotation": 180, "texture": "#0"},
				"down": {"uv": [6.375, 1.75, 8, 2.25], "rotation": 180, "texture": "#0"}
			}
		},
		{
			"from": [-14.62, 17.889, 2.468],
			"to": [5.738, 19.397, 14.532],
			"rotation": {"angle": 0, "axis": "y", "origin": [8, -7.747, 8.5]},
			"faces": {
				"north": {"uv": [2.625, 2.75, 1, 2.875], "texture": "#0"},
				"east": {"uv": [1, 2.75, 0, 2.875], "texture": "#0"},
				"south": {"uv": [5.25, 2.75, 3.625, 2.875], "texture": "#0"},
				"west": {"uv": [3.625, 2.75, 2.625, 2.875], "texture": "#0"},
				"up": {"uv": [1, 2.75, 2.625, 1.75], "rotation": 180, "texture": "#0"},
				"down": {"uv": [2.625, 1.75, 4.25, 2.75], "rotation": 180, "texture": "#0"}
			}
		},
		{
			"from": [-14.62, 16.381, 3.976],
			"to": [5.738, 17.889, 13.024],
			"rotation": {"angle": 0, "axis": "y", "origin": [8, -7.747, 8.5]},
			"faces": {
				"north": {"uv": [2.375, 4.75, 0.75, 4.875], "texture": "#0"},
				"east": {"uv": [0.75, 4.75, 0, 4.875], "texture": "#0"},
				"south": {"uv": [4.75, 4.75, 3.125, 4.875], "texture": "#0"},
				"west": {"uv": [3.125, 4.75, 2.375, 4.875], "texture": "#0"},
				"up": {"uv": [0.75, 4.75, 2.375, 4], "rotation": 180, "texture": "#0"},
				"down": {"uv": [2.375, 4, 4, 4.75], "rotation": 180, "texture": "#0"}
			}
		},
		{
			"from": [5.738, -7.747, 6.238],
			"to": [10.262, 30.707, 10.762],
			"rotation": {"angle": 0, "axis": "y", "origin": [8, -7.747, 8.5]},
			"faces": {
				"north": {"uv": [0.375, 5.25, 0.75, 8.5], "texture": "#0"},
				"east": {"uv": [0, 5.25, 0.375, 8.5], "texture": "#0"},
				"south": {"uv": [1.125, 5.25, 1.5, 8.5], "texture": "#0"},
				"west": {"uv": [0.75, 5.25, 1.125, 8.5], "texture": "#0"},
				"up": {"uv": [0.75, 5.25, 0.375, 4.875], "texture": "#0"},
				"down": {"uv": [1.125, 4.875, 0.75, 5.25], "texture": "#0"}
			}
		},
		{
			"from": [-16, 17.0973, 1.6763],
			"to": [-13.0743, 18.6807, 15.3237],
			"rotation": {"angle": 0, "axis": "y", "origin": [8, -7.747, 8.5]},
			"faces": {
				"north": {"uv": [14, 1.125, 14.125, 1.25], "texture": "#0"},
				"east": {"uv": [14, 1.125, 16, 1.25], "texture": "#0"},
				"south": {"uv": [14, 1.125, 14.125, 1.25], "texture": "#0"},
				"west": {"uv": [14, 1.125, 16, 1.25], "texture": "#0"},
				"up": {"uv": [14, 1.125, 14.125, 1.25], "texture": "#0"},
				"down": {"uv": [14, 1.25, 14.125, 1.375], "texture": "#0"}
			}
		},
		{
			"from": [-16, 15.5893, 3.1843],
			"to": [-13.0743, 17.1727, 13.8157],
			"rotation": {"angle": 0, "axis": "y", "origin": [8, -7.747, 8.5]},
			"faces": {
				"north": {"uv": [14, 1.25, 14.125, 1.375], "texture": "#0"},
				"east": {"uv": [14, 1.25, 16, 1.375], "texture": "#0"},
				"south": {"uv": [14, 1.25, 14.125, 1.375], "texture": "#0"},
				"west": {"uv": [14, 1.25, 16, 1.375], "texture": "#0"},
				"up": {"uv": [14, 1.25, 14.125, 1.375], "texture": "#0"},
				"down": {"uv": [14, 1.375, 14.125, 1.5], "texture": "#0"}
			}
		},
		{
			"from": [-16, 14.0813, 4.6923],
			"to": [-13.0743, 15.6647, 12.3077],
			"rotation": {"angle": 0, "axis": "y", "origin": [8, -7.747, 8.5]},
			"faces": {
				"north": {"uv": [14, 1.375, 14.125, 1.5], "texture": "#0"},
				"east": {"uv": [14, 1.375, 16, 1.5], "texture": "#0"},
				"south": {"uv": [14, 1.375, 14.125, 1.5], "texture": "#0"},
				"west": {"uv": [14, 1.375, 16, 1.5], "texture": "#0"},
				"up": {"uv": [14, 1.375, 14.125, 1.5], "texture": "#0"},
				"down": {"uv": [14, 1.5, 14.125, 1.625], "texture": "#0"}
			}
		},
		{
			"from": [-16, 18.6053, 0.1683],
			"to": [-13.0743, 26.9747, 16.8317],
			"rotation": {"angle": 0, "axis": "y", "origin": [8, -7.747, 8.5]},
			"faces": {
				"north": {"uv": [14, 0.375, 14.125, 1.125], "texture": "#0"},
				"east": {"uv": [14, 0.375, 16, 1.125], "texture": "#0"},
				"south": {"uv": [14, 0.375, 14.125, 1.125], "texture": "#0"},
				"west": {"uv": [14, 0.375, 16, 1.125], "texture": "#0"},
				"up": {"uv": [14, 0.375, 14.125, 0.5], "texture": "#0"},
				"down": {"uv": [14, 1.125, 14.125, 1.25], "texture": "#0"}
			}
		},
		{
			"from": [-16, 29.9153, 4.6923],
			"to": [-13.0743, 31.4987, 12.3077],
			"rotation": {"angle": 0, "axis": "y", "origin": [8, -7.747, 8.5]},
			"faces": {
				"north": {"uv": [14, 0, 14.125, 0.125], "texture": "#0"},
				"east": {"uv": [14, 0, 16, 0.125], "texture": "#0"},
				"south": {"uv": [14, 0, 14.125, 0.125], "texture": "#0"},
				"west": {"uv": [14, 0, 16, 0.125], "texture": "#0"},
				"up": {"uv": [14, 0, 14.125, 0.125], "texture": "#0"},
				"down": {"uv": [14, 0.125, 14.125, 0.25], "texture": "#0"}
			}
		},
		{
			"from": [-16, 28.4073, 3.1843],
			"to": [-13.0743, 29.9907, 13.8157],
			"rotation": {"angle": 0, "axis": "y", "origin": [8, -7.747, 8.5]},
			"faces": {
				"north": {"uv": [14, 0.125, 14.125, 0.25], "texture": "#0"},
				"east": {"uv": [14, 0.125, 16, 0.25], "texture": "#0"},
				"south": {"uv": [14, 0.125, 14.125, 0.25], "texture": "#0"},
				"west": {"uv": [14, 0.125, 16, 0.25], "texture": "#0"},
				"up": {"uv": [14, 0.125, 14.125, 0.25], "texture": "#0"},
				"down": {"uv": [14, 0.25, 14.125, 0.375], "texture": "#0"}
			}
		},
		{
			"from": [-16, 26.8993, 1.6763],
			"to": [-13.0743, 28.4827, 15.3237],
			"rotation": {"angle": 0, "axis": "y", "origin": [8, -7.747, 8.5]},
			"faces": {
				"north": {"uv": [14, 0.25, 14.125, 0.375], "texture": "#0"},
				"east": {"uv": [14, 0.25, 16, 0.375], "texture": "#0"},
				"south": {"uv": [14, 0.25, 14.125, 0.375], "texture": "#0"},
				"west": {"uv": [14, 0.25, 16, 0.375], "texture": "#0"},
				"up": {"uv": [14, 0.25, 14.125, 0.375], "texture": "#0"},
				"down": {"uv": [14, 0.375, 14.125, 0.5], "texture": "#0"}
			}
		},
		{
			"from": [29.0743, 17.0973, 1.6763],
			"to": [32, 18.6807, 15.3237],
			"rotation": {"angle": 0, "axis": "y", "origin": [8, -7.747, 8.5]},
			"faces": {
				"north": {"uv": [14, 1.125, 14.125, 1.25], "texture": "#0"},
				"east": {"uv": [14, 1.125, 16, 1.25], "texture": "#0"},
				"south": {"uv": [14, 1.125, 14.125, 1.25], "texture": "#0"},
				"west": {"uv": [14, 1.125, 16, 1.25], "texture": "#0"},
				"up": {"uv": [14, 1.125, 14.125, 1.25], "texture": "#0"},
				"down": {"uv": [14, 1.25, 14.125, 1.375], "texture": "#0"}
			}
		},
		{
			"from": [29.0743, 29.9153, 4.6923],
			"to": [32, 31.4987, 12.3077],
			"rotation": {"angle": 0, "axis": "y", "origin": [8, -7.747, 8.5]},
			"faces": {
				"north": {"uv": [14, 0, 14.125, 0.125], "texture": "#0"},
				"east": {"uv": [14, 0, 16, 0.125], "texture": "#0"},
				"south": {"uv": [14, 0, 14.125, 0.125], "texture": "#0"},
				"west": {"uv": [14, 0, 16, 0.125], "texture": "#0"},
				"up": {"uv": [14, 0, 14.125, 0.125], "texture": "#0"},
				"down": {"uv": [14, 0.125, 14.125, 0.25], "texture": "#0"}
			}
		},
		{
			"from": [29.0743, 28.4073, 3.1843],
			"to": [32, 29.9907, 13.8157],
			"rotation": {"angle": 0, "axis": "y", "origin": [8, -7.747, 8.5]},
			"faces": {
				"north": {"uv": [14, 0.125, 14.125, 0.25], "texture": "#0"},
				"east": {"uv": [14, 0.125, 16, 0.25], "texture": "#0"},
				"south": {"uv": [14, 0.125, 14.125, 0.25], "texture": "#0"},
				"west": {"uv": [14, 0.125, 16, 0.25], "texture": "#0"},
				"up": {"uv": [14, 0.125, 14.125, 0.25], "texture": "#0"},
				"down": {"uv": [14, 0.25, 14.125, 0.375], "texture": "#0"}
			}
		},
		{
			"from": [29.0743, 26.8993, 1.6763],
			"to": [32, 28.4827, 15.3237],
			"rotation": {"angle": 0, "axis": "y", "origin": [8, -7.747, 8.5]},
			"faces": {
				"north": {"uv": [14, 0.25, 14.125, 0.375], "texture": "#0"},
				"east": {"uv": [14, 0.25, 16, 0.375], "texture": "#0"},
				"south": {"uv": [14, 0.25, 14.125, 0.375], "texture": "#0"},
				"west": {"uv": [14, 0.25, 16, 0.375], "texture": "#0"},
				"up": {"uv": [14, 0.25, 14.125, 0.375], "texture": "#0"},
				"down": {"uv": [14, 0.375, 14.125, 0.5], "texture": "#0"}
			}
		},
		{
			"from": [29.0743, 18.6053, 0.1683],
			"to": [32, 26.9747, 16.8317],
			"rotation": {"angle": 0, "axis": "y", "origin": [8, -7.747, 8.5]},
			"faces": {
				"north": {"uv": [14, 0.375, 14.125, 1.125], "texture": "#0"},
				"east": {"uv": [14, 0.375, 16, 1.125], "texture": "#0"},
				"south": {"uv": [14, 0.375, 14.125, 1.125], "texture": "#0"},
				"west": {"uv": [14, 0.375, 16, 1.125], "texture": "#0"},
				"up": {"uv": [14, 0.375, 14.125, 0.5], "texture": "#0"},
				"down": {"uv": [14, 1.125, 14.125, 1.25], "texture": "#0"}
			}
		},
		{
			"from": [29.0743, 15.5893, 3.1843],
			"to": [32, 17.1727, 13.8157],
			"rotation": {"angle": 0, "axis": "y", "origin": [8, -7.747, 8.5]},
			"faces": {
				"north": {"uv": [14, 1.25, 14.125, 1.375], "texture": "#0"},
				"east": {"uv": [14, 1.25, 16, 1.375], "texture": "#0"},
				"south": {"uv": [14, 1.25, 14.125, 1.375], "texture": "#0"},
				"west": {"uv": [14, 1.25, 16, 1.375], "texture": "#0"},
				"up": {"uv": [14, 1.25, 14.125, 1.375], "texture": "#0"},
				"down": {"uv": [14, 1.375, 14.125, 1.5], "texture": "#0"}
			}
		},
		{
			"from": [29.0743, 14.0813, 4.6923],
			"to": [32, 15.6647, 12.3077],
			"rotation": {"angle": 0, "axis": "y", "origin": [8, -7.747, 8.5]},
			"faces": {
				"north": {"uv": [14, 1.375, 14.125, 1.5], "texture": "#0"},
				"east": {"uv": [14, 1.375, 16, 1.5], "texture": "#0"},
				"south": {"uv": [14, 1.375, 14.125, 1.5], "texture": "#0"},
				"west": {"uv": [14, 1.375, 16, 1.5], "texture": "#0"},
				"up": {"uv": [14, 1.375, 14.125, 1.5], "texture": "#0"},
				"down": {"uv": [14, 1.5, 14.125, 1.625], "texture": "#0"}
			}
		},
		{
			"from": [3.4383, 17.0973, 1.6763],
			"to": [12.5617, 18.6807, 15.3237],
			"rotation": {"angle": 0, "axis": "y", "origin": [8, -7.747, 8.5]},
			"faces": {
				"north": {"uv": [14, 3.375, 14.125, 3.5], "texture": "#0"},
				"east": {"uv": [14, 3.375, 16, 3.5], "texture": "#0"},
				"south": {"uv": [14, 3.375, 14.125, 3.5], "texture": "#0"},
				"west": {"uv": [14, 3.375, 16, 3.5], "texture": "#0"},
				"up": {"uv": [14, 3.375, 14.125, 3.5], "texture": "#0"},
				"down": {"uv": [14, 3.5, 14.125, 3.625], "texture": "#0"}
			}
		},
		{
			"from": [3.4383, 29.9153, 4.6923],
			"to": [12.5617, 31.4987, 12.3077],
			"rotation": {"angle": 0, "axis": "y", "origin": [8, -7.747, 8.5]},
			"faces": {
				"north": {"uv": [14, 2.25, 14.125, 2.375], "texture": "#0"},
				"east": {"uv": [14, 2.25, 16, 2.375], "texture": "#0"},
				"south": {"uv": [14, 2.25, 14.125, 2.375], "texture": "#0"},
				"west": {"uv": [14, 2.25, 16, 2.375], "texture": "#0"},
				"up": {"uv": [14, 2.25, 14.125, 2.375], "texture": "#0"},
				"down": {"uv": [14, 2.375, 14.125, 2.5], "texture": "#0"}
			}
		},
		{
			"from": [3.4383, 28.4073, 3.1843],
			"to": [12.5617, 29.9907, 13.8157],
			"rotation": {"angle": 0, "axis": "y", "origin": [8, -7.747, 8.5]},
			"faces": {
				"north": {"uv": [14, 2.375, 14.125, 2.5], "texture": "#0"},
				"east": {"uv": [14, 2.375, 16, 2.5], "texture": "#0"},
				"south": {"uv": [14, 2.375, 14.125, 2.5], "texture": "#0"},
				"west": {"uv": [14, 2.375, 16, 2.5], "texture": "#0"},
				"up": {"uv": [14, 2.375, 14.125, 2.5], "texture": "#0"},
				"down": {"uv": [14, 2.5, 14.125, 2.625], "texture": "#0"}
			}
		},
		{
			"from": [3.4383, 26.8993, 1.6763],
			"to": [12.5617, 28.4827, 15.3237],
			"rotation": {"angle": 0, "axis": "y", "origin": [8, -7.747, 8.5]},
			"faces": {
				"north": {"uv": [14, 2.5, 14.125, 2.625], "texture": "#0"},
				"east": {"uv": [14, 2.5, 16, 2.625], "texture": "#0"},
				"south": {"uv": [14, 2.5, 14.125, 2.625], "texture": "#0"},
				"west": {"uv": [14, 2.5, 16, 2.625], "texture": "#0"},
				"up": {"uv": [14, 2.5, 14.125, 2.625], "texture": "#0"},
				"down": {"uv": [14, 2.625, 14.125, 2.75], "texture": "#0"}
			}
		},
		{
			"from": [3.4383, 18.6053, 0.1683],
			"to": [12.5617, 26.9747, 16.8317],
			"rotation": {"angle": 0, "axis": "y", "origin": [8, -7.747, 8.5]},
			"faces": {
				"north": {"uv": [14, 2.625, 14.125, 3.375], "texture": "#0"},
				"east": {"uv": [14, 2.625, 16, 3.375], "texture": "#0"},
				"south": {"uv": [14, 2.625, 14.125, 3.375], "texture": "#0"},
				"west": {"uv": [14, 2.625, 16, 3.375], "texture": "#0"},
				"up": {"uv": [14, 2.625, 14.125, 2.75], "texture": "#0"},
				"down": {"uv": [14, 3.375, 14.125, 3.5], "texture": "#0"}
			}
		},
		{
			"from": [3.4383, 15.5893, 3.1843],
			"to": [12.5617, 17.1727, 13.8157],
			"rotation": {"angle": 0, "axis": "y", "origin": [8, -7.747, 8.5]},
			"faces": {
				"north": {"uv": [14, 3.5, 14.125, 3.625], "texture": "#0"},
				"east": {"uv": [14, 3.5, 16, 3.625], "texture": "#0"},
				"south": {"uv": [14, 3.5, 14.125, 3.625], "texture": "#0"},
				"west": {"uv": [14, 3.5, 16, 3.625], "texture": "#0"},
				"up": {"uv": [14, 3.5, 14.125, 3.625], "texture": "#0"},
				"down": {"uv": [14, 3.625, 14.125, 3.75], "texture": "#0"}
			}
		},
		{
			"from": [5.361, -8.124, 5.861],
			"to": [10.639, 7.71, 11.139],
			"rotation": {"angle": 0, "axis": "y", "origin": [8, -6.239, 8.5]},
			"faces": {
				"north": {"uv": [9.625, 0, 10, 1.25], "texture": "#0"},
				"east": {"uv": [9.625, 0, 10, 1.25], "texture": "#0"},
				"south": {"uv": [9.625, 0, 10, 1.25], "texture": "#0"},
				"west": {"uv": [9.625, 0, 10, 1.25], "texture": "#0"},
				"up": {"uv": [9.625, 0, 10, 0.375], "texture": "#0"},
				"down": {"uv": [9.625, 0, 10, 0.375], "texture": "#0"}
			}
		}
	],
	"display": {
		"thirdperson_righthand": {
			"rotation": [0, 90, 0],
			"translation": [-1.25, 30, 0.75],
			"scale": [4, 4, 4]
		},
		"thirdperson_lefthand": {
			"rotation": [0, 90, 0],
			"translation": [-1.25, 7, -0.75],
			"scale": [4, 4, 4]
		},
		"firstperson_righthand": {
			"rotation": [90, 75, -90],
			"scale": [0.5, 0.5, 0.5]
		},
		"firstperson_lefthand": {
			"rotation": [90, 75, -90],
			"scale": [0.5, 0.5, 0.5]
		},
		"ground": {
			"scale": [4, 4, 4]
		},
		"gui": {
			"rotation": [-47, -33, -45],
			"translation": [-17, -17, 0],
			"scale": [4, 4, 4]
		},
		"head": {
			"translation": [-0.25, 4, 7.25],
			"scale": [0.45, 0.45, 0.45]
		},
		"fixed": {
			"translation": [0, -18, 0],
			"scale": [4, 4, 4]
		}
	},
	"groups": [
		{
			"name": "bone",
			"origin": [0, 0, 0],
			"color": 0,
			"children": [0, 1, 2, 3, 4, 5, 6, 7, 8, 9, 10, 11, 12, 13, 14, 15, 16, 17, 18, 19, 20, 21, 22, 23, 24, 25, 26, 27, 28, 29, 30, 31, 32, 33, 34, 35, 36]
		}
	]
}