{
	"format_version": "1.9.0",
	"credit": "Made with Blockbench",
	"texture_size": [128, 128],
	"elements": [
		{
			"from": [4.9625, 13.0875, 4.7125],
			"to": [11.0375, 14.6625, 12.2875],
			"rotation": {"angle": 0, "axis": "y", "origin": [8, -8.625, 8.5]},
			"faces": {
				"north": {"uv": [14, 3.625, 14.125, 3.75], "texture": "#0"},
				"east": {"uv": [14, 3.625, 16, 3.75], "texture": "#0"},
				"south": {"uv": [14, 3.625, 14.125, 3.75], "texture": "#0"},
				"west": {"uv": [14, 3.625, 16, 3.75], "texture": "#0"},
				"up": {"uv": [14, 3.625, 14.125, 3.75], "texture": "#0"},
				"down": {"uv": [14, 3.75, 14.125, 3.875], "texture": "#0"}
			}
		},
		{
			"from": [10.25, 25.125, 2.5],
			"to": [30.5, 26.625, 14.5],
			"rotation": {"angle": 0, "axis": "y", "origin": [8, -8.625, 8.5]},
			"faces": {
				"north": {"uv": [2.375, 2.125, 4, 2.25], "texture": "#0"},
				"east": {"uv": [1.375, 2.125, 2.375, 2.25], "texture": "#0"},
				"south": {"uv": [5, 2.125, 6.625, 2.25], "texture": "#0"},
				"west": {"uv": [4, 2.125, 5, 2.25], "texture": "#0"},
				"up": {"uv": [4, 2.125, 2.375, 1.125], "rotation": 180, "texture": "#0"},
				"down": {"uv": [5.625, 1.125, 4, 2.125], "rotation": 180, "texture": "#0"}
			}
		},
		{
			"from": [10.25, 26.625, 4],
			"to": [30.5, 28.125, 13],
			"rotation": {"angle": 0, "axis": "y", "origin": [8, -8.625, 8.5]},
			"faces": {
				"north": {"uv": [4.75, 4.375, 6.375, 4.5], "texture": "#0"},
				"east": {"uv": [4, 4.375, 4.75, 4.5], "texture": "#0"},
				"south": {"uv": [7.125, 4.375, 8.75, 4.5], "texture": "#0"},
				"west": {"uv": [6.375, 4.375, 7.125, 4.5], "texture": "#0"},
				"up": {"uv": [6.375, 4.375, 4.75, 3.625], "rotation": 180, "texture": "#0"},
				"down": {"uv": [8, 3.625, 6.375, 4.375], "rotation": 180, "texture": "#0"}
			}
		},
		{
			"from": [10.25, 28.125, 5.5],
			"to": [30.5, 29.625, 11.5],
			"rotation": {"angle": 0, "axis": "y", "origin": [8, -8.625, 8.5]},
			"faces": {
				"north": {"uv": [4.875, 8.625, 6.5, 8.75], "texture": "#0"},
				"east": {"uv": [4.375, 8.625, 4.875, 8.75], "texture": "#0"},
				"south": {"uv": [7, 8.625, 8.625, 8.75], "texture": "#0"},
				"west": {"uv": [6.5, 8.625, 7, 8.75], "texture": "#0"},
				"up": {"uv": [6.5, 8.625, 4.875, 8.125], "rotation": 180, "texture": "#0"},
				"down": {"uv": [8.125, 8.125, 6.5, 8.625], "rotation": 180, "texture": "#0"}
			}
		},
		{
			"from": [10.25, 18.375, 1],
			"to": [30.5, 25.125, 16],
			"rotation": {"angle": 0, "axis": "y", "origin": [8, -8.625, 8.5]},
			"faces": {
				"north": {"uv": [1.25, 1.25, 2.875, 1.75], "texture": "#0"},
				"east": {"uv": [0, 1.25, 1.25, 1.75], "texture": "#0"},
				"south": {"uv": [4.125, 1.25, 5.75, 1.75], "texture": "#0"},
				"west": {"uv": [2.875, 1.25, 4.125, 1.75], "texture": "#0"},
				"up": {"uv": [2.875, 1.25, 1.25, 0], "rotation": 180, "texture": "#0"},
				"down": {"uv": [4.5, 0, 2.875, 1.25], "rotation": 180, "texture": "#0"}
			}
		},
		{
			"from": [10.25, 16.875, 2.5],
			"to": [30.5, 18.375, 14.5],
			"rotation": {"angle": 0, "axis": "y", "origin": [8, -8.625, 8.5]},
			"faces": {
				"north": {"uv": [2.375, 1, 4, 1.125], "texture": "#0"},
				"east": {"uv": [1.375, 1, 2.375, 1.125], "texture": "#0"},
				"south": {"uv": [5, 1, 6.625, 1.125], "texture": "#0"},
				"west": {"uv": [4, 1, 5, 1.125], "texture": "#0"},
				"up": {"uv": [4, 1, 2.375, 0], "rotation": 180, "texture": "#0"},
				"down": {"uv": [5.625, 0, 4, 1], "rotation": 180, "texture": "#0"}
			}
		},
		{
			"from": [10.25, 15.375, 4],
			"to": [30.5, 16.875, 13],
			"rotation": {"angle": 0, "axis": "y", "origin": [8, -8.625, 8.5]},
			"faces": {
				"north": {"uv": [0.75, 4.25, 2.375, 4.375], "texture": "#0"},
				"east": {"uv": [0, 4.25, 0.75, 4.375], "texture": "#0"},
				"south": {"uv": [3.125, 4.25, 4.75, 4.375], "texture": "#0"},
				"west": {"uv": [2.375, 4.25, 3.125, 4.375], "texture": "#0"},
				"up": {"uv": [2.375, 4.25, 0.75, 3.5], "rotation": 180, "texture": "#0"},
				"down": {"uv": [4, 3.5, 2.375, 4.25], "rotation": 180, "texture": "#0"}
			}
		},
		{
			"from": [10.25, 13.875, 5.5],
			"to": [30.5, 15.375, 11.5],
			"rotation": {"angle": 0, "axis": "y", "origin": [8, -8.625, 8.5]},
			"faces": {
				"north": {"uv": [4.875, 7.5, 6.5, 7.625], "texture": "#0"},
				"east": {"uv": [4.375, 7.5, 4.875, 7.625], "texture": "#0"},
				"south": {"uv": [7, 7.5, 8.625, 7.625], "texture": "#0"},
				"west": {"uv": [6.5, 7.5, 7, 7.625], "texture": "#0"},
				"up": {"uv": [6.5, 7.5, 4.875, 7], "rotation": 180, "texture": "#0"},
				"down": {"uv": [8.125, 7, 6.5, 7.5], "rotation": 180, "texture": "#0"}
			}
		},
		{
			"from": [-14.5, 25.125, 2.5],
			"to": [5.75, 26.625, 14.5],
			"rotation": {"angle": 0, "axis": "y", "origin": [-4.375, 21.75, 8.5]},
			"faces": {
				"north": {"uv": [2.375, 2.125, 4, 2.25], "texture": "#0"},
				"east": {"uv": [1.375, 2.125, 2.375, 2.25], "texture": "#0"},
				"south": {"uv": [5, 2.125, 6.625, 2.25], "texture": "#0"},
				"west": {"uv": [4, 2.125, 5, 2.25], "texture": "#0"},
				"up": {"uv": [4, 2.125, 2.375, 1.125], "rotation": 180, "texture": "#0"},
				"down": {"uv": [5.625, 1.125, 4, 2.125], "rotation": 180, "texture": "#0"}
			}
		},
		{
			"from": [-14.5, 26.625, 4],
			"to": [5.75, 28.125, 13],
			"rotation": {"angle": 0, "axis": "y", "origin": [-4.375, 21.75, 8.5]},
			"faces": {
				"north": {"uv": [4.75, 4.375, 6.375, 4.5], "texture": "#0"},
				"east": {"uv": [4, 4.375, 4.75, 4.5], "texture": "#0"},
				"south": {"uv": [7.125, 4.375, 8.75, 4.5], "texture": "#0"},
				"west": {"uv": [6.375, 4.375, 7.125, 4.5], "texture": "#0"},
				"up": {"uv": [6.375, 4.375, 4.75, 3.625], "rotation": 180, "texture": "#0"},
				"down": {"uv": [8, 3.625, 6.375, 4.375], "rotation": 180, "texture": "#0"}
			}
		},
		{
			"from": [-14.5, 28.125, 5.5],
			"to": [5.75, 29.625, 11.5],
			"rotation": {"angle": 0, "axis": "y", "origin": [-4.375, 21.75, 8.5]},
			"faces": {
				"north": {"uv": [4.875, 8.625, 6.5, 8.75], "texture": "#0"},
				"east": {"uv": [4.375, 8.625, 4.875, 8.75], "texture": "#0"},
				"south": {"uv": [7, 8.625, 8.625, 8.75], "texture": "#0"},
				"west": {"uv": [6.5, 8.625, 7, 8.75], "texture": "#0"},
				"up": {"uv": [6.5, 8.625, 4.875, 8.125], "rotation": 180, "texture": "#0"},
				"down": {"uv": [8.125, 8.125, 6.5, 8.625], "rotation": 180, "texture": "#0"}
			}
		},
		{
			"from": [-14.5, 18.375, 1],
			"to": [5.75, 25.125, 16],
			"rotation": {"angle": 0, "axis": "y", "origin": [-4.375, 21.75, 8.5]},
			"faces": {
				"north": {"uv": [1.25, 1.25, 2.875, 1.75], "texture": "#0"},
				"east": {"uv": [0, 1.25, 1.25, 1.75], "texture": "#0"},
				"south": {"uv": [4.125, 1.25, 5.75, 1.75], "texture": "#0"},
				"west": {"uv": [2.875, 1.25, 4.125, 1.75], "texture": "#0"},
				"up": {"uv": [2.875, 1.25, 1.25, 0], "rotation": 180, "texture": "#0"},
				"down": {"uv": [4.5, 0, 2.875, 1.25], "rotation": 180, "texture": "#0"}
			}
		},
		{
			"from": [-14.5, 16.875, 2.5],
			"to": [5.75, 18.375, 14.5],
			"rotation": {"angle": 0, "axis": "y", "origin": [-4.375, 21.75, 8.5]},
			"faces": {
				"north": {"uv": [2.375, 1, 4, 1.125], "texture": "#0"},
				"east": {"uv": [1.375, 1, 2.375, 1.125], "texture": "#0"},
				"south": {"uv": [5, 1, 6.625, 1.125], "texture": "#0"},
				"west": {"uv": [4, 1, 5, 1.125], "texture": "#0"},
				"up": {"uv": [4, 1, 2.375, 0], "rotation": 180, "texture": "#0"},
				"down": {"uv": [5.625, 0, 4, 1], "rotation": 180, "texture": "#0"}
			}
		},
		{
			"from": [-14.5, 15.375, 4],
			"to": [5.75, 16.875, 13],
			"rotation": {"angle": 0, "axis": "y", "origin": [-4.375, 21.75, 8.5]},
			"faces": {
				"north": {"uv": [0.75, 4.25, 2.375, 4.375], "texture": "#0"},
				"east": {"uv": [0, 4.25, 0.75, 4.375], "texture": "#0"},
				"south": {"uv": [3.125, 4.25, 4.75, 4.375], "texture": "#0"},
				"west": {"uv": [2.375, 4.25, 3.125, 4.375], "texture": "#0"},
				"up": {"uv": [2.375, 4.25, 0.75, 3.5], "rotation": 180, "texture": "#0"},
				"down": {"uv": [4, 3.5, 2.375, 4.25], "rotation": 180, "texture": "#0"}
			}
		},
		{
			"from": [-14.5, 13.875, 5.5],
			"to": [5.75, 15.375, 11.5],
			"rotation": {"angle": 0, "axis": "y", "origin": [-4.375, 21.75, 8.5]},
			"faces": {
				"north": {"uv": [4.875, 7.5, 6.5, 7.625], "texture": "#0"},
				"east": {"uv": [4.375, 7.5, 4.875, 7.625], "texture": "#0"},
				"south": {"uv": [7, 7.5, 8.625, 7.625], "texture": "#0"},
				"west": {"uv": [6.5, 7.5, 7, 7.625], "texture": "#0"},
				"up": {"uv": [6.5, 7.5, 4.875, 7], "rotation": 180, "texture": "#0"},
				"down": {"uv": [8.125, 7, 6.5, 7.5], "rotation": 180, "texture": "#0"}
			}
		},
		{
			"from": [5.75, -8.625, 6.25],
			"to": [10.25, 31.125, 10.75],
			"rotation": {"angle": 0, "axis": "y", "origin": [8, -8.625, 8.5]},
			"faces": {
				"north": {"uv": [0.375, 2.25, 0.75, 5.5], "texture": "#0"},
				"east": {"uv": [0, 2.25, 0.375, 5.5], "texture": "#0"},
				"south": {"uv": [1.125, 2.25, 1.5, 5.5], "texture": "#0"},
				"west": {"uv": [0.75, 2.25, 1.125, 5.5], "texture": "#0"},
				"up": {"uv": [0.75, 2.25, 0.375, 1.875], "texture": "#0"},
				"down": {"uv": [1.125, 1.875, 0.75, 2.25], "texture": "#0"}
			}
		},
		{
			"from": [-16, 16.0875, 1.7125],
			"to": [-12.9625, 17.6625, 15.2875],
			"rotation": {"angle": 0, "axis": "y", "origin": [8, -8.625, 8.5]},
			"faces": {
				"north": {"uv": [14, 1.125, 14.125, 1.25], "texture": "#0"},
				"east": {"uv": [14, 1.125, 16, 1.25], "texture": "#0"},
				"south": {"uv": [14, 1.125, 14.125, 1.25], "texture": "#0"},
				"west": {"uv": [14, 1.125, 16, 1.25], "texture": "#0"},
				"up": {"uv": [14, 1.125, 14.125, 1.25], "texture": "#0"},
				"down": {"uv": [14, 1.25, 14.125, 1.375], "texture": "#0"}
			}
		},
		{
			"from": [-16, 14.5875, 3.2125],
			"to": [-12.9625, 16.1625, 13.7875],
			"rotation": {"angle": 0, "axis": "y", "origin": [8, -8.625, 8.5]},
			"faces": {
				"north": {"uv": [14, 1.25, 14.125, 1.375], "texture": "#0"},
				"east": {"uv": [14, 1.25, 16, 1.375], "texture": "#0"},
				"south": {"uv": [14, 1.25, 14.125, 1.375], "texture": "#0"},
				"west": {"uv": [14, 1.25, 16, 1.375], "texture": "#0"},
				"up": {"uv": [14, 1.25, 14.125, 1.375], "texture": "#0"},
				"down": {"uv": [14, 1.375, 14.125, 1.5], "texture": "#0"}
			}
		},
		{
			"from": [-16, 13.0875, 4.7125],
			"to": [-12.9625, 14.6625, 12.2875],
			"rotation": {"angle": 0, "axis": "y", "origin": [8, -8.625, 8.5]},
			"faces": {
				"north": {"uv": [14, 1.375, 14.125, 1.5], "texture": "#0"},
				"east": {"uv": [14, 1.375, 16, 1.5], "texture": "#0"},
				"south": {"uv": [14, 1.375, 14.125, 1.5], "texture": "#0"},
				"west": {"uv": [14, 1.375, 16, 1.5], "texture": "#0"},
				"up": {"uv": [14, 1.375, 14.125, 1.5], "texture": "#0"},
				"down": {"uv": [14, 1.5, 14.125, 1.625], "texture": "#0"}
			}
		},
		{
			"from": [-16, 17.5875, 0.2125],
			"to": [-12.9625, 25.9125, 16.7875],
			"rotation": {"angle": 0, "axis": "y", "origin": [8, -8.625, 8.5]},
			"faces": {
				"north": {"uv": [14, 0.375, 14.125, 1.125], "texture": "#0"},
				"east": {"uv": [14, 0.375, 16, 1.125], "texture": "#0"},
				"south": {"uv": [14, 0.375, 14.125, 1.125], "texture": "#0"},
				"west": {"uv": [14, 0.375, 16, 1.125], "texture": "#0"},
				"up": {"uv": [14, 0.375, 14.125, 0.5], "texture": "#0"},
				"down": {"uv": [14, 1.125, 14.125, 1.25], "texture": "#0"}
			}
		},
		{
			"from": [-16, 28.8375, 4.7125],
			"to": [-12.9625, 30.4125, 12.2875],
			"rotation": {"angle": 0, "axis": "y", "origin": [8, -8.625, 8.5]},
			"faces": {
				"north": {"uv": [14, 0, 14.125, 0.125], "texture": "#0"},
				"east": {"uv": [14, 0, 16, 0.125], "texture": "#0"},
				"south": {"uv": [14, 0, 14.125, 0.125], "texture": "#0"},
				"west": {"uv": [14, 0, 16, 0.125], "texture": "#0"},
				"up": {"uv": [14, 0, 14.125, 0.125], "texture": "#0"},
				"down": {"uv": [14, 0.125, 14.125, 0.25], "texture": "#0"}
			}
		},
		{
			"from": [-16, 27.3375, 3.2125],
			"to": [-12.9625, 28.9125, 13.7875],
			"rotation": {"angle": 0, "axis": "y", "origin": [8, -8.625, 8.5]},
			"faces": {
				"north": {"uv": [14, 0.125, 14.125, 0.25], "texture": "#0"},
				"east": {"uv": [14, 0.125, 16, 0.25], "texture": "#0"},
				"south": {"uv": [14, 0.125, 14.125, 0.25], "texture": "#0"},
				"west": {"uv": [14, 0.125, 16, 0.25], "texture": "#0"},
				"up": {"uv": [14, 0.125, 14.125, 0.25], "texture": "#0"},
				"down": {"uv": [14, 0.25, 14.125, 0.375], "texture": "#0"}
			}
		},
		{
			"from": [-16, 25.8375, 1.7125],
			"to": [-12.9625, 27.4125, 15.2875],
			"rotation": {"angle": 0, "axis": "y", "origin": [8, -8.625, 8.5]},
			"faces": {
				"north": {"uv": [14, 0.25, 14.125, 0.375], "texture": "#0"},
				"east": {"uv": [14, 0.25, 16, 0.375], "texture": "#0"},
				"south": {"uv": [14, 0.25, 14.125, 0.375], "texture": "#0"},
				"west": {"uv": [14, 0.25, 16, 0.375], "texture": "#0"},
				"up": {"uv": [14, 0.25, 14.125, 0.375], "texture": "#0"},
				"down": {"uv": [14, 0.375, 14.125, 0.5], "texture": "#0"}
			}
		},
		{
			"from": [28.9625, 16.0875, 1.7125],
			"to": [32, 17.6625, 15.2875],
			"rotation": {"angle": 0, "axis": "y", "origin": [8, -8.625, 8.5]},
			"faces": {
				"north": {"uv": [14, 1.125, 14.125, 1.25], "texture": "#0"},
				"east": {"uv": [14, 1.125, 16, 1.25], "texture": "#0"},
				"south": {"uv": [14, 1.125, 14.125, 1.25], "texture": "#0"},
				"west": {"uv": [14, 1.125, 16, 1.25], "texture": "#0"},
				"up": {"uv": [14, 1.125, 14.125, 1.25], "texture": "#0"},
				"down": {"uv": [14, 1.25, 14.125, 1.375], "texture": "#0"}
			}
		},
		{
			"from": [28.9625, 28.8375, 4.7125],
			"to": [32, 30.4125, 12.2875],
			"rotation": {"angle": 0, "axis": "y", "origin": [8, -8.625, 8.5]},
			"faces": {
				"north": {"uv": [14, 0, 14.125, 0.125], "texture": "#0"},
				"east": {"uv": [14, 0, 16, 0.125], "texture": "#0"},
				"south": {"uv": [14, 0, 14.125, 0.125], "texture": "#0"},
				"west": {"uv": [14, 0, 16, 0.125], "texture": "#0"},
				"up": {"uv": [14, 0, 14.125, 0.125], "texture": "#0"},
				"down": {"uv": [14, 0.125, 14.125, 0.25], "texture": "#0"}
			}
		},
		{
			"from": [28.9625, 27.3375, 3.2125],
			"to": [32, 28.9125, 13.7875],
			"rotation": {"angle": 0, "axis": "y", "origin": [8, -8.625, 8.5]},
			"faces": {
				"north": {"uv": [14, 0.125, 14.125, 0.25], "texture": "#0"},
				"east": {"uv": [14, 0.125, 16, 0.25], "texture": "#0"},
				"south": {"uv": [14, 0.125, 14.125, 0.25], "texture": "#0"},
				"west": {"uv": [14, 0.125, 16, 0.25], "texture": "#0"},
				"up": {"uv": [14, 0.125, 14.125, 0.25], "texture": "#0"},
				"down": {"uv": [14, 0.25, 14.125, 0.375], "texture": "#0"}
			}
		},
		{
			"from": [28.9625, 25.8375, 1.7125],
			"to": [32, 27.4125, 15.2875],
			"rotation": {"angle": 0, "axis": "y", "origin": [8, -8.625, 8.5]},
			"faces": {
				"north": {"uv": [14, 0.25, 14.125, 0.375], "texture": "#0"},
				"east": {"uv": [14, 0.25, 16, 0.375], "texture": "#0"},
				"south": {"uv": [14, 0.25, 14.125, 0.375], "texture": "#0"},
				"west": {"uv": [14, 0.25, 16, 0.375], "texture": "#0"},
				"up": {"uv": [14, 0.25, 14.125, 0.375], "texture": "#0"},
				"down": {"uv": [14, 0.375, 14.125, 0.5], "texture": "#0"}
			}
		},
		{
			"from": [28.9625, 17.5875, 0.2125],
			"to": [32, 25.9125, 16.7875],
			"rotation": {"angle": 0, "axis": "y", "origin": [8, -8.625, 8.5]},
			"faces": {
				"north": {"uv": [14, 0.375, 14.125, 1.125], "texture": "#0"},
				"east": {"uv": [14, 0.375, 16, 1.125], "texture": "#0"},
				"south": {"uv": [14, 0.375, 14.125, 1.125], "texture": "#0"},
				"west": {"uv": [14, 0.375, 16, 1.125], "texture": "#0"},
				"up": {"uv": [14, 0.375, 14.125, 0.5], "texture": "#0"},
				"down": {"uv": [14, 1.125, 14.125, 1.25], "texture": "#0"}
			}
		},
		{
			"from": [28.9625, 14.5875, 3.2125],
			"to": [32, 16.1625, 13.7875],
			"rotation": {"angle": 0, "axis": "y", "origin": [8, -8.625, 8.5]},
			"faces": {
				"north": {"uv": [14, 1.25, 14.125, 1.375], "texture": "#0"},
				"east": {"uv": [14, 1.25, 16, 1.375], "texture": "#0"},
				"south": {"uv": [14, 1.25, 14.125, 1.375], "texture": "#0"},
				"west": {"uv": [14, 1.25, 16, 1.375], "texture": "#0"},
				"up": {"uv": [14, 1.25, 14.125, 1.375], "texture": "#0"},
				"down": {"uv": [14, 1.375, 14.125, 1.5], "texture": "#0"}
			}
		},
		{
			"from": [28.9625, 13.0875, 4.7125],
			"to": [32, 14.6625, 12.2875],
			"rotation": {"angle": 0, "axis": "y", "origin": [8, -8.625, 8.5]},
			"faces": {
				"north": {"uv": [14, 1.375, 14.125, 1.5], "texture": "#0"},
				"east": {"uv": [14, 1.375, 16, 1.5], "texture": "#0"},
				"south": {"uv": [14, 1.375, 14.125, 1.5], "texture": "#0"},
				"west": {"uv": [14, 1.375, 16, 1.5], "texture": "#0"},
				"up": {"uv": [14, 1.375, 14.125, 1.5], "texture": "#0"},
				"down": {"uv": [14, 1.5, 14.125, 1.625], "texture": "#0"}
			}
		},
		{
			"from": [4.9625, 16.0875, 1.7125],
			"to": [11.0375, 17.6625, 15.2875],
			"rotation": {"angle": 0, "axis": "y", "origin": [8, -8.625, 8.5]},
			"faces": {
				"north": {"uv": [14, 3.375, 14.125, 3.5], "texture": "#0"},
				"east": {"uv": [14, 3.375, 16, 3.5], "texture": "#0"},
				"south": {"uv": [14, 3.375, 14.125, 3.5], "texture": "#0"},
				"west": {"uv": [14, 3.375, 16, 3.5], "texture": "#0"},
				"up": {"uv": [14, 3.375, 14.125, 3.5], "texture": "#0"},
				"down": {"uv": [14, 3.5, 14.125, 3.625], "texture": "#0"}
			}
		},
		{
			"from": [4.9625, 28.8375, 4.7125],
			"to": [11.0375, 30.4125, 12.2875],
			"rotation": {"angle": 0, "axis": "y", "origin": [8, -8.625, 8.5]},
			"faces": {
				"north": {"uv": [14, 2.25, 14.125, 2.375], "texture": "#0"},
				"east": {"uv": [14, 2.25, 16, 2.375], "texture": "#0"},
				"south": {"uv": [14, 2.25, 14.125, 2.375], "texture": "#0"},
				"west": {"uv": [14, 2.25, 16, 2.375], "texture": "#0"},
				"up": {"uv": [14, 2.25, 14.125, 2.375], "texture": "#0"},
				"down": {"uv": [14, 2.375, 14.125, 2.5], "texture": "#0"}
			}
		},
		{
			"from": [4.9625, 27.3375, 3.2125],
			"to": [11.0375, 28.9125, 13.7875],
			"rotation": {"angle": 0, "axis": "y", "origin": [8, -8.625, 8.5]},
			"faces": {
				"north": {"uv": [14, 2.375, 14.125, 2.5], "texture": "#0"},
				"east": {"uv": [14, 2.375, 16, 2.5], "texture": "#0"},
				"south": {"uv": [14, 2.375, 14.125, 2.5], "texture": "#0"},
				"west": {"uv": [14, 2.375, 16, 2.5], "texture": "#0"},
				"up": {"uv": [14, 2.375, 14.125, 2.5], "texture": "#0"},
				"down": {"uv": [14, 2.5, 14.125, 2.625], "texture": "#0"}
			}
		},
		{
			"from": [4.9625, 25.8375, 1.7125],
			"to": [11.0375, 27.4125, 15.2875],
			"rotation": {"angle": 0, "axis": "y", "origin": [8, -8.625, 8.5]},
			"faces": {
				"north": {"uv": [14, 2.5, 14.125, 2.625], "texture": "#0"},
				"east": {"uv": [14, 2.5, 16, 2.625], "texture": "#0"},
				"south": {"uv": [14, 2.5, 14.125, 2.625], "texture": "#0"},
				"west": {"uv": [14, 2.5, 16, 2.625], "texture": "#0"},
				"up": {"uv": [14, 2.5, 14.125, 2.625], "texture": "#0"},
				"down": {"uv": [14, 2.625, 14.125, 2.75], "texture": "#0"}
			}
		},
		{
			"from": [4.9625, 17.5875, 0.2125],
			"to": [11.0375, 25.9125, 16.7875],
			"rotation": {"angle": 0, "axis": "y", "origin": [8, -8.625, 8.5]},
			"faces": {
				"north": {"uv": [14, 2.625, 14.125, 3.375], "texture": "#0"},
				"east": {"uv": [14, 2.625, 16, 3.375], "texture": "#0"},
				"south": {"uv": [14, 2.625, 14.125, 3.375], "texture": "#0"},
				"west": {"uv": [14, 2.625, 16, 3.375], "texture": "#0"},
				"up": {"uv": [14, 2.625, 14.125, 2.75], "texture": "#0"},
				"down": {"uv": [14, 3.375, 14.125, 3.5], "texture": "#0"}
			}
		},
		{
			"from": [4.9625, 14.5875, 3.2125],
			"to": [11.0375, 16.1625, 13.7875],
			"rotation": {"angle": 0, "axis": "y", "origin": [8, -8.625, 8.5]},
			"faces": {
				"north": {"uv": [14, 3.5, 14.125, 3.625], "texture": "#0"},
				"east": {"uv": [14, 3.5, 16, 3.625], "texture": "#0"},
				"south": {"uv": [14, 3.5, 14.125, 3.625], "texture": "#0"},
				"west": {"uv": [14, 3.5, 16, 3.625], "texture": "#0"},
				"up": {"uv": [14, 3.5, 14.125, 3.625], "texture": "#0"},
				"down": {"uv": [14, 3.625, 14.125, 3.75], "texture": "#0"}
			}
		},
		{
			"from": [5.375, -9, 5.875],
			"to": [10.625, 6.75, 11.125],
			"rotation": {"angle": 0, "axis": "y", "origin": [8, -7.125, 8.5]},
			"faces": {
				"north": {"uv": [9.625, 0.375, 10, 1.625], "texture": "#0"},
				"east": {"uv": [9.625, 0.375, 10, 1.625], "texture": "#0"},
				"south": {"uv": [9.625, 0.375, 10, 1.625], "texture": "#0"},
				"west": {"uv": [9.625, 0.375, 10, 1.625], "texture": "#0"},
				"up": {"uv": [9.625, 0, 10, 0.375], "texture": "#0"},
				"down": {"uv": [9.625, 1.625, 10, 2], "texture": "#0"}
			}
		}
	],
	"display": {
		"thirdperson_righthand": {
			"rotation": [0, 90, 0],
			"translation": [-1.25, 30, 0.75],
			"scale": [4, 4, 4]
		},
		"thirdperson_lefthand": {
			"rotation": [0, 90, 0],
			"translation": [-1.25, 30, 0.75],
			"scale": [4, 4, 4]
		},
		"firstperson_righthand": {
			"rotation": [90, 75, -90],
			"scale": [0.5, 0.5, 0.5]
		},
		"firstperson_lefthand": {
			"rotation": [90, 75, -90],
			"scale": [0.5, 0.5, 0.5]
		},
		"ground": {
			"scale": [4, 4, 4]
		},
		"gui": {
			"rotation": [-47, -33, -45],
			"translation": [-16, -16, 0],
			"scale": [4, 4, 4]
		},
		"head": {
			"translation": [-0.25, -2, 7.25]
		},
		"fixed": {
			"translation": [0, -16, 0],
			"scale": [4, 4, 4]
		}
	},
	"groups": [
		{
			"name": "bone",
			"origin": [0, 0, 0],
			"color": 0,
			"children": [0, 1, 2, 3, 4, 5, 6, 7, 8, 9, 10, 11, 12, 13, 14, 15, 16, 17, 18, 19, 20, 21, 22, 23, 24, 25, 26, 27, 28, 29, 30, 31, 32, 33, 34, 35, 36]
		}
	]
}