{
  "credit": "Made with Blockbench",
  "texture_size": [
    128,
    128
  ],
  "elements": [
    {
      "from": [
        7,
        23.25,
        10
      ],
      "to": [
        10,
        24.25,
        12
      ],
      "faces": {
        "north": {
          "uv": [
            1.875,
            5.25,
            2.25,
            5.375
          ],
          "texture": "#0"
        },
        "east": {
          "uv": [
            1.5,
            5.25,
            1.875,
            5.375
          ],
          "texture": "#0"
        },
        "south": {
          "uv": [
            2.625,
            5.25,
            3,
            5.375
          ],
          "texture": "#0"
        },
        "west": {
          "uv": [
            2.25,
            5.25,
            2.625,
            5.375
          ],
          "texture": "#0"
        },
        "up": {
          "uv": [
            2.25,
            5.25,
            1.875,
            4.875
          ],
          "rotation": 180,
          "texture": "#0"
        },
        "down": {
          "uv": [
            2.625,
            4.875,
            2.25,
            5.25
          ],
          "rotation": 180,
          "texture": "#0"
        }
      }
    },
    {
      "from": [
        7,
        16.25,
        10
      ],
      "to": [
        10,
        17.25,
        12
      ],
      "faces": {
        "north": {
          "uv": [
            5.25,
            4,
            5.625,
            4.125
          ],
          "texture": "#0"
        },
        "east": {
          "uv": [
            4.875,
            4,
            5.25,
            4.125
          ],
          "texture": "#0"
        },
        "south": {
          "uv": [
            6,
            4,
            6.375,
            4.125
          ],
          "texture": "#0"
        },
        "west": {
          "uv": [
            5.625,
            4,
            6,
            4.125
          ],
          "texture": "#0"
        },
        "up": {
          "uv": [
            5.625,
            4,
            5.25,
            3.625
          ],
          "rotation": 180,
          "texture": "#0"
        },
        "down": {
          "uv": [
            6,
            3.625,
            5.625,
            4
          ],
          "rotation": 180,
          "texture": "#0"
        }
      }
    },
    {
      "from": [
        7,
        24.25,
        10
      ],
      "to": [
        10,
        25.25,
        11
      ],
      "faces": {
        "north": {
          "uv": [
            0.25,
            0.25,
            0.625,
            0.375
          ],
          "texture": "#0"
        },
        "east": {
          "uv": [
            0,
            0.25,
            0.25,
            0.375
          ],
          "texture": "#0"
        },
        "south": {
          "uv": [
            0.875,
            0.25,
            1.25,
            0.375
          ],
          "texture": "#0"
        },
        "west": {
          "uv": [
            0.625,
            0.25,
            0.875,
            0.375
          ],
          "texture": "#0"
        },
        "up": {
          "uv": [
            0.625,
            0.25,
            0.25,
            0
          ],
          "rotation": 180,
          "texture": "#0"
        },
        "down": {
          "uv": [
            1,
            0,
            0.625,
            0.25
          ],
          "rotation": 180,
          "texture": "#0"
        }
      }
    },
    {
      "from": [
        7,
        15.25,
        10
      ],
      "to": [
        10,
        16.25,
        11
      ],
      "faces": {
        "north": {
          "uv": [
            0.25,
            0.625,
            0.625,
            0.75
          ],
          "texture": "#0"
        },
        "east": {
          "uv": [
            0,
            0.625,
            0.25,
            0.75
          ],
          "texture": "#0"
        },
        "south": {
          "uv": [
            0.875,
            0.625,
            1.25,
            0.75
          ],
          "texture": "#0"
        },
        "west": {
          "uv": [
            0.625,
            0.625,
            0.875,
            0.75
          ],
          "texture": "#0"
        },
        "up": {
          "uv": [
            0.625,
            0.625,
            0.25,
            0.375
          ],
          "rotation": 180,
          "texture": "#0"
        },
        "down": {
          "uv": [
            1,
            0.375,
            0.625,
            0.625
          ],
          "rotation": 180,
          "texture": "#0"
        }
      }
    },
    {
      "from": [
        7,
        17.25,
        10
      ],
      "to": [
        10,
        23.25,
        13
      ],
      "faces": {
        "north": {
          "uv": [
            5,
            0.5,
            5.375,
            1.25
          ],
          "texture": "#0"
        },
        "east": {
          "uv": [
            4.5,
            0.5,
            5,
            1.25
          ],
          "texture": "#0"
        },
        "south": {
          "uv": [
            5.875,
            0.5,
            6.25,
            1.25
          ],
          "texture": "#0"
        },
        "west": {
          "uv": [
            5.375,
            0.5,
            5.875,
            1.25
          ],
          "texture": "#0"
        },
        "up": {
          "uv": [
            5.375,
            0.5,
            5,
            0
          ],
          "rotation": 180,
          "texture": "#0"
        },
        "down": {
          "uv": [
            5.75,
            0,
            5.375,
            0.5
          ],
          "rotation": 180,
          "texture": "#0"
        }
      }
    },
    {
      "from": [
        7,
        24.25,
        6
      ],
      "to": [
        10,
        25.25,
        7
      ],
      "faces": {
        "north": {
          "uv": [
            0.25,
            0.25,
            0.625,
            0.375
          ],
          "texture": "#0"
        },
        "east": {
          "uv": [
            0,
            0.25,
            0.25,
            0.375
          ],
          "texture": "#0"
        },
        "south": {
          "uv": [
            0.875,
            0.25,
            1.25,
            0.375
          ],
          "texture": "#0"
        },
        "west": {
          "uv": [
            0.625,
            0.25,
            0.875,
            0.375
          ],
          "texture": "#0"
        },
        "up": {
          "uv": [
            0.625,
            0.25,
            0.25,
            0
          ],
          "rotation": 180,
          "texture": "#0"
        },
        "down": {
          "uv": [
            1,
            0,
            0.625,
            0.25
          ],
          "rotation": 180,
          "texture": "#0"
        }
      }
    },
    {
      "from": [
        7,
        23.25,
        5
      ],
      "to": [
        10,
        24.25,
        7
      ],
      "faces": {
        "north": {
          "uv": [
            1.875,
            5.25,
            2.25,
            5.375
          ],
          "texture": "#0"
        },
        "east": {
          "uv": [
            1.5,
            5.25,
            1.875,
            5.375
          ],
          "texture": "#0"
        },
        "south": {
          "uv": [
            2.625,
            5.25,
            3,
            5.375
          ],
          "texture": "#0"
        },
        "west": {
          "uv": [
            2.25,
            5.25,
            2.625,
            5.375
          ],
          "texture": "#0"
        },
        "up": {
          "uv": [
            2.25,
            5.25,
            1.875,
            4.875
          ],
          "rotation": 180,
          "texture": "#0"
        },
        "down": {
          "uv": [
            2.625,
            4.875,
            2.25,
            5.25
          ],
          "rotation": 180,
          "texture": "#0"
        }
      }
    },
    {
      "from": [
        7,
        17.25,
        4
      ],
      "to": [
        10,
        23.25,
        7
      ],
      "faces": {
        "north": {
          "uv": [
            5,
            0.5,
            5.375,
            1.25
          ],
          "texture": "#0"
        },
        "east": {
          "uv": [
            4.5,
            0.5,
            5,
            1.25
          ],
          "texture": "#0"
        },
        "south": {
          "uv": [
            5.875,
            0.5,
            6.25,
            1.25
          ],
          "texture": "#0"
        },
        "west": {
          "uv": [
            5.375,
            0.5,
            5.875,
            1.25
          ],
          "texture": "#0"
        },
        "up": {
          "uv": [
            5.375,
            0.5,
            5,
            0
          ],
          "rotation": 180,
          "texture": "#0"
        },
        "down": {
          "uv": [
            5.75,
            0,
            5.375,
            0.5
          ],
          "rotation": 180,
          "texture": "#0"
        }
      }
    },
    {
      "from": [
        7,
        16.25,
        5
      ],
      "to": [
        10,
        17.25,
        7
      ],
      "faces": {
        "north": {
          "uv": [
            5.25,
            4,
            5.625,
            4.125
          ],
          "texture": "#0"
        },
        "east": {
          "uv": [
            4.875,
            4,
            5.25,
            4.125
          ],
          "texture": "#0"
        },
        "south": {
          "uv": [
            6,
            4,
            6.375,
            4.125
          ],
          "texture": "#0"
        },
        "west": {
          "uv": [
            5.625,
            4,
            6,
            4.125
          ],
          "texture": "#0"
        },
        "up": {
          "uv": [
            5.625,
            4,
            5.25,
            3.625
          ],
          "rotation": 180,
          "texture": "#0"
        },
        "down": {
          "uv": [
            6,
            3.625,
            5.625,
            4
          ],
          "rotation": 180,
          "texture": "#0"
        }
      }
    },
    {
      "from": [
        7,
        15.25,
        6
      ],
      "to": [
        10,
        16.25,
        7
      ],
      "faces": {
        "north": {
          "uv": [
            0.25,
            0.625,
            0.625,
            0.75
          ],
          "texture": "#0"
        },
        "east": {
          "uv": [
            0,
            0.625,
            0.25,
            0.75
          ],
          "texture": "#0"
        },
        "south": {
          "uv": [
            0.875,
            0.625,
            1.25,
            0.75
          ],
          "texture": "#0"
        },
        "west": {
          "uv": [
            0.625,
            0.625,
            0.875,
            0.75
          ],
          "texture": "#0"
        },
        "up": {
          "uv": [
            0.625,
            0.625,
            0.25,
            0.375
          ],
          "rotation": 180,
          "texture": "#0"
        },
        "down": {
          "uv": [
            1,
            0.375,
            0.625,
            0.625
          ],
          "rotation": 180,
          "texture": "#0"
        }
      }
    },
    {
      "from": [
        10,
        22.5,
        4.5
      ],
      "to": [
        23.5,
        23.5,
        12.5
      ],
      "faces": {
        "north": {
          "uv": [
            1,
            3.875,
            2.625,
            4
          ],
          "texture": "#0"
        },
        "east": {
          "uv": [
            0,
            3.875,
            1,
            4
          ],
          "texture": "#0"
        },
        "south": {
          "uv": [
            3.625,
            3.875,
            5.25,
            4
          ],
          "texture": "#0"
        },
        "west": {
          "uv": [
            2.625,
            3.875,
            3.625,
            4
          ],
          "texture": "#0"
        },
        "up": {
          "uv": [
            2.625,
            3.875,
            1,
            2.875
          ],
          "rotation": 180,
          "texture": "#0"
        },
        "down": {
          "uv": [
            4.25,
            2.875,
            2.625,
            3.875
          ],
          "rotation": 180,
          "texture": "#0"
        }
      }
    },
    {
      "from": [
        10,
        23.5,
        5.5
      ],
      "to": [
        23.5,
        24.5,
        11.5
      ],
      "faces": {
        "north": {
          "uv": [
            4.75,
            4.875,
            6.375,
            5
          ],
          "texture": "#0"
        },
        "east": {
          "uv": [
            4,
            4.875,
            4.75,
            5
          ],
          "texture": "#0"
        },
        "south": {
          "uv": [
            7.125,
            4.875,
            8.75,
            5
          ],
          "texture": "#0"
        },
        "west": {
          "uv": [
            6.375,
            4.875,
            7.125,
            5
          ],
          "texture": "#0"
        },
        "up": {
          "uv": [
            6.375,
            4.875,
            4.75,
            4.125
          ],
          "rotation": 180,
          "texture": "#0"
        },
        "down": {
          "uv": [
            8,
            4.125,
            6.375,
            4.875
          ],
          "rotation": 180,
          "texture": "#0"
        }
      }
    },
    {
      "from": [
        10,
        24.5,
        6.5
      ],
      "to": [
        23.5,
        25.5,
        10.5
      ],
      "faces": {
        "north": {
          "uv": [
            4.75,
            3.375,
            6.375,
            3.5
          ],
          "texture": "#0"
        },
        "east": {
          "uv": [
            4.25,
            3.375,
            4.75,
            3.5
          ],
          "texture": "#0"
        },
        "south": {
          "uv": [
            6.875,
            3.375,
            8.5,
            3.5
          ],
          "texture": "#0"
        },
        "west": {
          "uv": [
            6.375,
            3.375,
            6.875,
            3.5
          ],
          "texture": "#0"
        },
        "up": {
          "uv": [
            6.375,
            3.375,
            4.75,
            2.875
          ],
          "rotation": 180,
          "texture": "#0"
        },
        "down": {
          "uv": [
            8,
            2.875,
            6.375,
            3.375
          ],
          "rotation": 180,
          "texture": "#0"
        }
      }
    },
    {
      "from": [
        10,
        18,
        3.5
      ],
      "to": [
        23.5,
        22.5,
        13.5
      ],
      "faces": {
        "north": {
          "uv": [
            1.25,
            1.25,
            2.875,
            1.75
          ],
          "texture": "#0"
        },
        "east": {
          "uv": [
            0,
            1.25,
            1.25,
            1.75
          ],
          "texture": "#0"
        },
        "south": {
          "uv": [
            4.125,
            1.25,
            5.75,
            1.75
          ],
          "texture": "#0"
        },
        "west": {
          "uv": [
            2.875,
            1.25,
            4.125,
            1.75
          ],
          "texture": "#0"
        },
        "up": {
          "uv": [
            2.875,
            1.25,
            1.25,
            0
          ],
          "rotation": 180,
          "texture": "#0"
        },
        "down": {
          "uv": [
            4.5,
            0,
            2.875,
            1.25
          ],
          "rotation": 180,
          "texture": "#0"
        }
      }
    },
    {
      "from": [
        10,
        17,
        4.5
      ],
      "to": [
        23.5,
        18,
        12.5
      ],
      "faces": {
        "north": {
          "uv": [
            1,
            2.75,
            2.625,
            2.875
          ],
          "texture": "#0"
        },
        "east": {
          "uv": [
            0,
            2.75,
            1,
            2.875
          ],
          "texture": "#0"
        },
        "south": {
          "uv": [
            3.625,
            2.75,
            5.25,
            2.875
          ],
          "texture": "#0"
        },
        "west": {
          "uv": [
            2.625,
            2.75,
            3.625,
            2.875
          ],
          "texture": "#0"
        },
        "up": {
          "uv": [
            2.625,
            2.75,
            1,
            1.75
          ],
          "rotation": 180,
          "texture": "#0"
        },
        "down": {
          "uv": [
            4.25,
            1.75,
            2.625,
            2.75
          ],
          "rotation": 180,
          "texture": "#0"
        }
      }
    },
    {
      "from": [
        10,
        16,
        5.5
      ],
      "to": [
        23.5,
        17,
        11.5
      ],
      "faces": {
        "north": {
          "uv": [
            0.75,
            4.75,
            2.375,
            4.875
          ],
          "texture": "#0"
        },
        "east": {
          "uv": [
            0,
            4.75,
            0.75,
            4.875
          ],
          "texture": "#0"
        },
        "south": {
          "uv": [
            3.125,
            4.75,
            4.75,
            4.875
          ],
          "texture": "#0"
        },
        "west": {
          "uv": [
            2.375,
            4.75,
            3.125,
            4.875
          ],
          "texture": "#0"
        },
        "up": {
          "uv": [
            2.375,
            4.75,
            0.75,
            4
          ],
          "rotation": 180,
          "texture": "#0"
        },
        "down": {
          "uv": [
            4,
            4,
            2.375,
            4.75
          ],
          "rotation": 180,
          "texture": "#0"
        }
      }
    },
    {
      "from": [
        10,
        15,
        6.5
      ],
      "to": [
        23.5,
        16,
        10.5
      ],
      "faces": {
        "north": {
          "uv": [
            4.75,
            2.25,
            6.375,
            2.375
          ],
          "texture": "#0"
        },
        "east": {
          "uv": [
            4.25,
            2.25,
            4.75,
            2.375
          ],
          "texture": "#0"
        },
        "south": {
          "uv": [
            6.875,
            2.25,
            8.5,
            2.375
          ],
          "texture": "#0"
        },
        "west": {
          "uv": [
            6.375,
            2.25,
            6.875,
            2.375
          ],
          "texture": "#0"
        },
        "up": {
          "uv": [
            6.375,
            2.25,
            4.75,
            1.75
          ],
          "rotation": 180,
          "texture": "#0"
        },
        "down": {
          "uv": [
            8,
            1.75,
            6.375,
            2.25
          ],
          "rotation": 180,
          "texture": "#0"
        }
      }
    },
    {
      "from": [
        -6.5,
        24.5,
        6.5
      ],
      "to": [
        7,
        25.5,
        10.5
      ],
      "faces": {
        "north": {
          "uv": [
            4.75,
            3.375,
            6.375,
            3.5
          ],
          "texture": "#0"
        },
        "east": {
          "uv": [
            4.25,
            3.375,
            4.75,
            3.5
          ],
          "texture": "#0"
        },
        "south": {
          "uv": [
            6.875,
            3.375,
            8.5,
            3.5
          ],
          "texture": "#0"
        },
        "west": {
          "uv": [
            6.375,
            3.375,
            6.875,
            3.5
          ],
          "texture": "#0"
        },
        "up": {
          "uv": [
            6.375,
            3.375,
            4.75,
            2.875
          ],
          "rotation": 180,
          "texture": "#0"
        },
        "down": {
          "uv": [
            8,
            2.875,
            6.375,
            3.375
          ],
          "rotation": 180,
          "texture": "#0"
        }
      }
    },
    {
      "from": [
        -6.5,
        23.5,
        5.5
      ],
      "to": [
        7,
        24.5,
        11.5
      ],
      "faces": {
        "north": {
          "uv": [
            4.75,
            4.875,
            6.375,
            5
          ],
          "texture": "#0"
        },
        "east": {
          "uv": [
            4,
            4.875,
            4.75,
            5
          ],
          "texture": "#0"
        },
        "south": {
          "uv": [
            7.125,
            4.875,
            8.75,
            5
          ],
          "texture": "#0"
        },
        "west": {
          "uv": [
            6.375,
            4.875,
            7.125,
            5
          ],
          "texture": "#0"
        },
        "up": {
          "uv": [
            6.375,
            4.875,
            4.75,
            4.125
          ],
          "rotation": 180,
          "texture": "#0"
        },
        "down": {
          "uv": [
            8,
            4.125,
            6.375,
            4.875
          ],
          "rotation": 180,
          "texture": "#0"
        }
      }
    },
    {
      "from": [
        -6.5,
        22.5,
        4.5
      ],
      "to": [
        7,
        23.5,
        12.5
      ],
      "faces": {
        "north": {
          "uv": [
            1,
            3.875,
            2.625,
            4
          ],
          "texture": "#0"
        },
        "east": {
          "uv": [
            0,
            3.875,
            1,
            4
          ],
          "texture": "#0"
        },
        "south": {
          "uv": [
            3.625,
            3.875,
            5.25,
            4
          ],
          "texture": "#0"
        },
        "west": {
          "uv": [
            2.625,
            3.875,
            3.625,
            4
          ],
          "texture": "#0"
        },
        "up": {
          "uv": [
            2.625,
            3.875,
            1,
            2.875
          ],
          "rotation": 180,
          "texture": "#0"
        },
        "down": {
          "uv": [
            4.25,
            2.875,
            2.625,
            3.875
          ],
          "rotation": 180,
          "texture": "#0"
        }
      }
    },
    {
      "from": [
        -6.5,
        18,
        3.5
      ],
      "to": [
        7,
        22.5,
        13.5
      ],
      "faces": {
        "north": {
          "uv": [
            1.25,
            1.25,
            2.875,
            1.75
          ],
          "texture": "#0"
        },
        "east": {
          "uv": [
            0,
            1.25,
            1.25,
            1.75
          ],
          "texture": "#0"
        },
        "south": {
          "uv": [
            4.125,
            1.25,
            5.75,
            1.75
          ],
          "texture": "#0"
        },
        "west": {
          "uv": [
            2.875,
            1.25,
            4.125,
            1.75
          ],
          "texture": "#0"
        },
        "up": {
          "uv": [
            2.875,
            1.25,
            1.25,
            0
          ],
          "rotation": 180,
          "texture": "#0"
        },
        "down": {
          "uv": [
            4.5,
            0,
            2.875,
            1.25
          ],
          "rotation": 180,
          "texture": "#0"
        }
      }
    },
    {
      "from": [
        -6.5,
        15,
        6.5
      ],
      "to": [
        7,
        16,
        10.5
      ],
      "faces": {
        "north": {
          "uv": [
            4.75,
            2.25,
            6.375,
            2.375
          ],
          "texture": "#0"
        },
        "east": {
          "uv": [
            4.25,
            2.25,
            4.75,
            2.375
          ],
          "texture": "#0"
        },
        "south": {
          "uv": [
            6.875,
            2.25,
            8.5,
            2.375
          ],
          "texture": "#0"
        },
        "west": {
          "uv": [
            6.375,
            2.25,
            6.875,
            2.375
          ],
          "texture": "#0"
        },
        "up": {
          "uv": [
            6.375,
            2.25,
            4.75,
            1.75
          ],
          "rotation": 180,
          "texture": "#0"
        },
        "down": {
          "uv": [
            8,
            1.75,
            6.375,
            2.25
          ],
          "rotation": 180,
          "texture": "#0"
        }
      }
    },
    {
      "from": [
        -6.5,
        17,
        4.5
      ],
      "to": [
        7,
        18,
        12.5
      ],
      "faces": {
        "north": {
          "uv": [
            1,
            2.75,
            2.625,
            2.875
          ],
          "texture": "#0"
        },
        "east": {
          "uv": [
            0,
            2.75,
            1,
            2.875
          ],
          "texture": "#0"
        },
        "south": {
          "uv": [
            3.625,
            2.75,
            5.25,
            2.875
          ],
          "texture": "#0"
        },
        "west": {
          "uv": [
            2.625,
            2.75,
            3.625,
            2.875
          ],
          "texture": "#0"
        },
        "up": {
          "uv": [
            2.625,
            2.75,
            1,
            1.75
          ],
          "rotation": 180,
          "texture": "#0"
        },
        "down": {
          "uv": [
            4.25,
            1.75,
            2.625,
            2.75
          ],
          "rotation": 180,
          "texture": "#0"
        }
      }
    },
    {
      "from": [
        -6.5,
        16,
        5.5
      ],
      "to": [
        7,
        17,
        11.5
      ],
      "faces": {
        "north": {
          "uv": [
            0.75,
            4.75,
            2.375,
            4.875
          ],
          "texture": "#0"
        },
        "east": {
          "uv": [
            0,
            4.75,
            0.75,
            4.875
          ],
          "texture": "#0"
        },
        "south": {
          "uv": [
            3.125,
            4.75,
            4.75,
            4.875
          ],
          "texture": "#0"
        },
        "west": {
          "uv": [
            2.375,
            4.75,
            3.125,
            4.875
          ],
          "texture": "#0"
        },
        "up": {
          "uv": [
            2.375,
            4.75,
            0.75,
            4
          ],
          "rotation": 180,
          "texture": "#0"
        },
        "down": {
          "uv": [
            4,
            4,
            2.375,
            4.75
          ],
          "rotation": 180,
          "texture": "#0"
        }
      }
    },
    {
      "from": [
        7,
        0,
        7
      ],
      "to": [
        10,
        26.5,
        10
      ],
      "faces": {
        "north": {
          "uv": [
            0.375,
            5.25,
            0.75,
            8.5
          ],
          "texture": "#0"
        },
        "east": {
          "uv": [
            0,
            5.25,
            0.375,
            8.5
          ],
          "texture": "#0"
        },
        "south": {
          "uv": [
            1.125,
            5.25,
            1.5,
            8.5
          ],
          "texture": "#0"
        },
        "west": {
          "uv": [
            0.75,
            5.25,
            1.125,
            8.5
          ],
          "texture": "#0"
        },
        "up": {
          "uv": [
            0.75,
            5.25,
            0.375,
            4.875
          ],
          "texture": "#0"
        },
        "down": {
          "uv": [
            1.125,
            4.875,
            0.75,
            5.25
          ],
          "texture": "#0"
        }
      }
    }
  ],
  "display": {
    "thirdperson_righthand": {
      "rotation": [
        0,
        90,
        0
      ],
      "translation": [
        -1.75,
        2.25,
        0.75
      ],
      "scale": [
        1.5,
        1.5,
        1.5
      ]
    },
    "thirdperson_lefthand": {
      "rotation": [
        0,
        90,
        0
      ],
      "translation": [
        -1.75,
        2.25,
        -0.75
      ],
      "scale": [
        1.5,
        1.5,
        1.5
      ]
    },
    "firstperson_righthand": {
      "rotation": [
        81,
        40,
        -90
      ],
      "translation": [
        -2.25,
        -5.5,
        -5.75
      ],
      "scale": [
        1.5,
        1.5,
        1.5
      ]
    },
    "firstperson_lefthand": {
      "rotation": [
        81,
        40,
        -90
      ],
      "translation": [
        -2.25,
        -5.5,
        -5.75
      ],
      "scale": [
        1.5,
        1.5,
        1.5
      ]
    },
    "ground": {
      "rotation": [
        90,
        0,
        0
      ],
      "translation": [
        0,
        1,
        -6
      ],
      "scale": [
        1.25,
        1.25,
        1.25
      ]
    },
    "gui": {
      "rotation": [
        -47,
        -33,
        -45
      ],
      "translation": [
        -3.75,
        -3.75,
        0
      ],
      "scale": [
        0.75,
        0.75,
        0.75
      ]
    },
    "head": {
      "translation": [
        -0.25,
        4,
        7.25
      ],
      "scale": [
        0.45,
        0.45,
        0.45
      ]
    },
    "fixed": {
      "translation": [
        0,
        -5,
        0
      ],
      "scale": [
        1.25,
        1.25,
        1.25
      ]
    }
  },
  "groups": [
    {
      "name": "bone",
      "origin": [
        0,
        0,
        0
      ],
      "color": 0,
      "children": [
        0,
        1,
        2,
        3,
        4,
        5,
        6,
        7,
        8,
        9,
        10,
        11,
        12,
        13,
        14,
        15,
        16,
        17,
        18,
        19,
        20,
        21,
        22,
        23,
        24
      ]
    }
  ]
}