{
	"format_version": "1.9.0",
	"credit": "Made with Blockbench",
	"elements": [
		{
			"from": [2.5001, 0.0001, 7.5001],
			"to": [2.9999, 0.4999, 8.4999],
			"rotation": {"angle": 0, "axis": "y", "origin": [8, 7.75, 8]},
			"faces": {
				"north": {"uv": [2.5, 15.5, 3, 16], "texture": "#0"},
				"east": {"uv": [2.5, 15.5, 3, 16], "texture": "#0"},
				"south": {"uv": [2.5, 15.5, 3, 16], "texture": "#0"},
				"west": {"uv": [2.5, 15.5, 3, 16], "texture": "#0"},
				"up": {"uv": [2.5, 15.5, 3, 16], "texture": "#0"},
				"down": {"uv": [2.5, 15.5, 3, 16], "texture": "#0"}
			}
		},
		{
			"from": [4.5001, 3.0001, 7.5001],
			"to": [4.9999, 3.4999, 8.4999],
			"rotation": {"angle": 0, "axis": "y", "origin": [8, 7.75, 8]},
			"faces": {
				"north": {"uv": [4.5, 12.5, 5, 13], "texture": "#0"},
				"east": {"uv": [4.5, 12.5, 5, 13], "texture": "#0"},
				"south": {"uv": [4.5, 12.5, 5, 13], "texture": "#0"},
				"west": {"uv": [4.5, 12.5, 5, 13], "texture": "#0"},
				"up": {"uv": [4.5, 12.5, 5, 13], "texture": "#0"},
				"down": {"uv": [4.5, 12.5, 5, 13], "texture": "#0"}
			}
		},
		{
			"from": [3.5001, 4.0001, 7.5001],
			"to": [3.9999, 4.4999, 8.4999],
			"rotation": {"angle": 0, "axis": "y", "origin": [8, 7.75, 8]},
			"faces": {
				"north": {"uv": [3.5, 11.5, 4, 12], "texture": "#0"},
				"east": {"uv": [3.5, 11.5, 4, 12], "texture": "#0"},
				"south": {"uv": [3.5, 11.5, 4, 12], "texture": "#0"},
				"west": {"uv": [3.5, 11.5, 4, 12], "texture": "#0"},
				"up": {"uv": [3.5, 11.5, 4, 12], "texture": "#0"},
				"down": {"uv": [3.5, 11.5, 4, 12], "texture": "#0"}
			}
		},
		{
			"from": [4.0001, 4.5001, 7.5001],
			"to": [4.9999, 4.9999, 8.4999],
			"rotation": {"angle": 0, "axis": "y", "origin": [8, 7.75, 8]},
			"faces": {
				"north": {"uv": [4, 11, 5, 11.5], "rotation": 180, "texture": "#0"},
				"east": {"uv": [4.5, 11, 5, 11.5], "texture": "#0"},
				"south": {"uv": [4, 11, 5, 11.5], "texture": "#0"},
				"west": {"uv": [4, 11, 4.5, 11.5], "texture": "#0"},
				"up": {"uv": [4, 11, 5, 11.5], "texture": "#0"},
				"down": {"uv": [4, 11, 5, 11.5], "texture": "#0"}
			}
		},
		{
			"from": [9.5001, 8.0001, 7.5001],
			"to": [10.4999, 8.4999, 8.4999],
			"rotation": {"angle": 0, "axis": "y", "origin": [8, 7.75, 8]},
			"faces": {
				"north": {"uv": [9.5, 7.5, 10.5, 8], "rotation": 180, "texture": "#0"},
				"east": {"uv": [10, 7.5, 10.5, 8], "texture": "#0"},
				"south": {"uv": [9.5, 7.5, 10.5, 8], "texture": "#0"},
				"west": {"uv": [9.5, 7.5, 10, 8], "texture": "#0"},
				"up": {"uv": [9.5, 7.5, 10.5, 8], "texture": "#0"},
				"down": {"uv": [9.5, 7.5, 10.5, 8], "texture": "#0"}
			}
		},
		{
			"from": [9.5001, 9.5001, 7.5001],
			"to": [10.4999, 9.9999, 8.4999],
			"rotation": {"angle": 0, "axis": "y", "origin": [8, 7.75, 8]},
			"faces": {
				"north": {"uv": [9.5, 6, 10.5, 6.5], "rotation": 180, "texture": "#0"},
				"east": {"uv": [9.5, 6, 10.5, 6.5], "texture": "#0"},
				"south": {"uv": [9.5, 6, 10.5, 6.5], "texture": "#0"},
				"west": {"uv": [9.5, 6, 10, 6.5], "texture": "#0"},
				"up": {"uv": [9.5, 6, 10.5, 6.5], "texture": "#0"},
				"down": {"uv": [9.5, 6, 10.5, 6.5], "texture": "#0"}
			}
		},
		{
			"from": [6.5001, 9.0001, 7.5001],
			"to": [7.4999, 9.4999, 8.4999],
			"rotation": {"angle": 0, "axis": "y", "origin": [8, 7.75, 8]},
			"faces": {
				"north": {"uv": [6.5, 6.5, 7.5, 7], "rotation": 180, "texture": "#0"},
				"east": {"uv": [7, 6.5, 7.5, 7], "texture": "#0"},
				"south": {"uv": [6.5, 6.5, 7.5, 7], "texture": "#0"},
				"west": {"uv": [6.5, 6.5, 7, 7], "texture": "#0"},
				"up": {"uv": [6.5, 6.5, 7.5, 7], "texture": "#0"},
				"down": {"uv": [6.5, 6.5, 7.5, 7], "texture": "#0"}
			}
		},
		{
			"from": [5.5001, 9.5001, 7.5001],
			"to": [6.4999, 9.9999, 8.4999],
			"rotation": {"angle": 0, "axis": "y", "origin": [8, 7.75, 8]},
			"faces": {
				"north": {"uv": [5.5, 6, 6.5, 6.5], "rotation": 180, "texture": "#0"},
				"east": {"uv": [6, 6, 6.5, 6.5], "texture": "#0"},
				"south": {"uv": [5.5, 6, 6.5, 6.5], "texture": "#0"},
				"west": {"uv": [5.5, 6, 6, 6.5], "texture": "#0"},
				"up": {"uv": [5.5, 6, 6.5, 6.5], "texture": "#0"},
				"down": {"uv": [5.5, 6, 6.5, 6.5], "texture": "#0"}
			}
		},
		{
			"from": [10.5001, 8.5001, 7.5001],
			"to": [10.9999, 9.4999, 8.4999],
			"rotation": {"angle": 0, "axis": "y", "origin": [8, 7.75, 8]},
			"faces": {
				"north": {"uv": [10.5, 6.5, 11, 7.5], "texture": "#0"},
				"east": {"uv": [10.5, 6.5, 11, 7.5], "texture": "#0"},
				"south": {"uv": [10.5, 6.5, 11, 7.5], "texture": "#0"},
				"west": {"uv": [10.5, 6.5, 11, 7.5], "texture": "#0"},
				"up": {"uv": [10.5, 6.5, 11, 7.5], "texture": "#0"},
				"down": {"uv": [10.5, 7, 11, 7.5], "texture": "#0"}
			}
		},
		{
			"from": [13.0001, 9.0001, 7.5001],
			"to": [14.4999, 9.4999, 8.4999],
			"rotation": {"angle": 0, "axis": "y", "origin": [8, 7.75, 8]},
			"faces": {
				"north": {"uv": [13, 6.5, 14.5, 7], "texture": "#0"},
				"east": {"uv": [13, 6.5, 14.5, 7], "texture": "#0"},
				"south": {"uv": [13, 6.5, 14.5, 7], "texture": "#0"},
				"west": {"uv": [13, 6.5, 14.5, 7], "texture": "#0"},
				"up": {"uv": [13, 6.5, 14.5, 7], "texture": "#0"},
				"down": {"uv": [13, 6.5, 14.5, 7], "texture": "#0"}
			}
		},
		{
			"from": [14.0001, 9.5001, 7.5001],
			"to": [14.9999, 9.9999, 8.4999],
			"rotation": {"angle": 0, "axis": "y", "origin": [8, 7.75, 8]},
			"faces": {
				"north": {"uv": [14, 6, 15, 6.5], "texture": "#0"},
				"east": {"uv": [14, 6, 15, 6.5], "texture": "#0"},
				"south": {"uv": [14, 6, 15, 6.5], "texture": "#0"},
				"west": {"uv": [14, 6, 15, 6.5], "texture": "#0"},
				"up": {"uv": [14, 6, 15, 6.5], "texture": "#0"},
				"down": {"uv": [14, 6, 15, 6.5], "texture": "#0"}
			}
		},
		{
			"from": [15.0001, 10.0001, 7.5001],
			"to": [15.4999, 10.4999, 8.4999],
			"rotation": {"angle": 0, "axis": "y", "origin": [8, 7.75, 8]},
			"faces": {
				"north": {"uv": [15, 5.5, 15.5, 6], "texture": "#0"},
				"east": {"uv": [15, 5.5, 15.5, 6], "texture": "#0"},
				"south": {"uv": [15, 5.5, 15.5, 6], "texture": "#0"},
				"west": {"uv": [15, 5.5, 15.5, 6], "texture": "#0"},
				"up": {"uv": [15, 5.5, 15.5, 6], "texture": "#0"},
				"down": {"uv": [15, 5.5, 15.5, 6], "texture": "#0"}
			}
		},
		{
			"from": [15.0001, 11.5001, 7.5001],
			"to": [15.4999, 11.9999, 8.4999],
			"rotation": {"angle": 0, "axis": "y", "origin": [8, 7.75, 8]},
			"faces": {
				"north": {"uv": [15, 4, 15.5, 4.5], "texture": "#0"},
				"east": {"uv": [15, 4, 15.5, 4.5], "texture": "#0"},
				"south": {"uv": [15, 4, 15.5, 4.5], "texture": "#0"},
				"west": {"uv": [15, 4, 15.5, 4.5], "texture": "#0"},
				"up": {"uv": [15, 4, 15.5, 4.5], "texture": "#0"},
				"down": {"uv": [15, 4, 15.5, 4.5], "texture": "#0"}
			}
		},
		{
			"from": [14.5001, 10.5001, 7.5001],
			"to": [14.9999, 11.4999, 8.4999],
			"rotation": {"angle": 0, "axis": "y", "origin": [8, 7.75, 8]},
			"faces": {
				"north": {"uv": [14.5, 4.5, 15, 5.5], "texture": "#0"},
				"east": {"uv": [14.5, 4.5, 15, 5.5], "texture": "#0"},
				"south": {"uv": [14.5, 4.5, 15, 5.5], "texture": "#0"},
				"west": {"uv": [14.5, 4.5, 15, 5.5], "texture": "#0"},
				"up": {"uv": [14.5, 4.5, 15, 5.5], "texture": "#0"},
				"down": {"uv": [14.5, 4.5, 15, 5.5], "texture": "#0"}
			}
		},
		{
			"from": [14.0001, 12.5001, 7.5001],
			"to": [14.4999, 13.4999, 8.4999],
			"rotation": {"angle": 0, "axis": "y", "origin": [8, 7.75, 8]},
			"faces": {
				"north": {"uv": [14, 2.5, 14.5, 3.5], "texture": "#0"},
				"east": {"uv": [14, 2.5, 14.5, 3.5], "texture": "#0"},
				"south": {"uv": [14, 2.5, 14.5, 3.5], "texture": "#0"},
				"west": {"uv": [14, 2.5, 14.5, 3.5], "texture": "#0"},
				"up": {"uv": [14, 2.5, 14.5, 3.5], "texture": "#0"},
				"down": {"uv": [14, 2.5, 14.5, 3.5], "texture": "#0"}
			}
		},
		{
			"from": [14.5001, 12.0001, 7.5001],
			"to": [14.9999, 12.4999, 8.4999],
			"rotation": {"angle": 0, "axis": "y", "origin": [8, 7.75, 8]},
			"faces": {
				"north": {"uv": [14.5, 3.5, 15, 4], "texture": "#0"},
				"east": {"uv": [14.5, 3.5, 15, 4], "texture": "#0"},
				"south": {"uv": [14.5, 3.5, 15, 4], "texture": "#0"},
				"west": {"uv": [14.5, 3.5, 15, 4], "texture": "#0"},
				"up": {"uv": [14.5, 3.5, 15, 4], "texture": "#0"},
				"down": {"uv": [14.5, 3.5, 15, 4], "texture": "#0"}
			}
		},
		{
			"from": [12.5001, 13.0001, 7.5001],
			"to": [12.9999, 13.4999, 8.4999],
			"rotation": {"angle": 0, "axis": "y", "origin": [8, 7.75, 8]},
			"faces": {
				"north": {"uv": [12.5, 2.5, 13, 3], "texture": "#0"},
				"east": {"uv": [12.5, 2.5, 13, 3], "texture": "#0"},
				"south": {"uv": [12.5, 2.5, 13, 3], "texture": "#0"},
				"west": {"uv": [12.5, 2.5, 13, 3], "texture": "#0"},
				"up": {"uv": [12.5, 2.5, 13, 3], "texture": "#0"},
				"down": {"uv": [12.5, 2.5, 13, 3], "texture": "#0"}
			}
		},
		{
			"from": [12.0001, 13.5001, 7.5001],
			"to": [12.4999, 13.9999, 8.4999],
			"rotation": {"angle": 0, "axis": "y", "origin": [8, 7.75, 8]},
			"faces": {
				"north": {"uv": [12, 2, 12.5, 2.5], "texture": "#0"},
				"east": {"uv": [12, 2, 12.5, 2.5], "texture": "#0"},
				"south": {"uv": [12, 2, 12.5, 2.5], "texture": "#0"},
				"west": {"uv": [12, 2, 12.5, 2.5], "texture": "#0"},
				"up": {"uv": [12, 2, 12.5, 2.5], "texture": "#0"},
				"down": {"uv": [12, 2, 12.5, 2.5], "texture": "#0"}
			}
		},
		{
			"from": [3.5001, 14.0001, 7.5001],
			"to": [4.4999, 14.4999, 8.4999],
			"rotation": {"angle": 0, "axis": "y", "origin": [8, 7.75, 8]},
			"faces": {
				"north": {"uv": [3.5, 1.5, 4.5, 2], "texture": "#0"},
				"east": {"uv": [3.5, 1.5, 4.5, 2], "texture": "#0"},
				"south": {"uv": [3.5, 1.5, 4.5, 2], "texture": "#0"},
				"west": {"uv": [3.5, 1.5, 4.5, 2], "texture": "#0"},
				"up": {"uv": [3.5, 1.5, 4.5, 2], "texture": "#0"},
				"down": {"uv": [3.5, 1.5, 4.5, 2], "texture": "#0"}
			}
		},
		{
			"from": [3.0001, 13.5001, 7.5001],
			"to": [3.4999, 13.9999, 8.4999],
			"rotation": {"angle": 0, "axis": "y", "origin": [8, 7.75, 8]},
			"faces": {
				"north": {"uv": [3, 2, 3.5, 2.5], "texture": "#0"},
				"east": {"uv": [3, 2, 3.5, 2.5], "texture": "#0"},
				"south": {"uv": [3, 2, 3.5, 2.5], "texture": "#0"},
				"west": {"uv": [3, 2, 3.5, 2.5], "texture": "#0"},
				"up": {"uv": [3, 2, 3.5, 2.5], "texture": "#0"},
				"down": {"uv": [3, 2, 3.5, 2.5], "texture": "#0"}
			}
		},
		{
			"from": [2.5001, 13.0001, 7.5001],
			"to": [2.9999, 13.4999, 8.4999],
			"rotation": {"angle": 0, "axis": "y", "origin": [8, 7.75, 8]},
			"faces": {
				"north": {"uv": [2.5, 2.5, 3, 3], "texture": "#0"},
				"east": {"uv": [2.5, 2.5, 3, 3], "texture": "#0"},
				"south": {"uv": [2.5, 2.5, 3, 3], "texture": "#0"},
				"west": {"uv": [2.5, 2.5, 3, 3], "texture": "#0"},
				"up": {"uv": [2.5, 2.5, 3, 3], "texture": "#0"},
				"down": {"uv": [2.5, 2.5, 3, 3], "texture": "#0"}
			}
		},
		{
			"from": [2.0001, 12.5001, 7.5001],
			"to": [2.4999, 12.9999, 8.4999],
			"rotation": {"angle": 0, "axis": "y", "origin": [8, 7.75, 8]},
			"faces": {
				"north": {"uv": [2, 3, 2.5, 3.5], "texture": "#0"},
				"east": {"uv": [2, 3, 2.5, 3.5], "texture": "#0"},
				"south": {"uv": [2, 3, 2.5, 3.5], "texture": "#0"},
				"west": {"uv": [2, 3, 2.5, 3.5], "texture": "#0"},
				"up": {"uv": [2, 3, 2.5, 3.5], "texture": "#0"},
				"down": {"uv": [2, 3, 2.5, 3.5], "texture": "#0"}
			}
		},
		{
			"from": [1.5001, 11.0001, 7.5001],
			"to": [1.9999, 12.4999, 8.4999],
			"rotation": {"angle": 0, "axis": "y", "origin": [8, 7.75, 8]},
			"faces": {
				"north": {"uv": [1.5, 3.5, 2, 5], "texture": "#0"},
				"east": {"uv": [1.5, 3.5, 2, 5], "texture": "#0"},
				"south": {"uv": [1.5, 3.5, 2, 5], "texture": "#0"},
				"west": {"uv": [1.5, 3.5, 2, 5], "texture": "#0"},
				"up": {"uv": [1.5, 3.5, 2, 5], "texture": "#0"},
				"down": {"uv": [1.5, 3.5, 2, 5], "texture": "#0"}
			}
		},
		{
			"from": [13.0001, 13.5001, 7.5001],
			"to": [13.9999, 13.9999, 8.4999],
			"rotation": {"angle": 0, "axis": "y", "origin": [8, 7.75, 8]},
			"faces": {
				"north": {"uv": [13, 2, 14, 2.5], "texture": "#0"},
				"east": {"uv": [13, 2, 14, 2.5], "texture": "#0"},
				"south": {"uv": [13, 2, 14, 2.5], "texture": "#0"},
				"west": {"uv": [13, 2, 14, 2.5], "texture": "#0"},
				"up": {"uv": [13, 2, 14, 2.5], "texture": "#0"},
				"down": {"uv": [13, 2, 14, 2.5], "texture": "#0"}
			}
		},
		{
			"from": [11.0001, 14.0001, 7.5001],
			"to": [11.9999, 14.4999, 8.4999],
			"rotation": {"angle": 0, "axis": "y", "origin": [8, 7.75, 8]},
			"faces": {
				"north": {"uv": [11, 1.5, 12, 2], "texture": "#0"},
				"east": {"uv": [11, 1.5, 12, 2], "texture": "#0"},
				"south": {"uv": [11, 1.5, 12, 2], "texture": "#0"},
				"west": {"uv": [11, 1.5, 12, 2], "texture": "#0"},
				"up": {"uv": [11, 1.5, 12, 2], "texture": "#0"},
				"down": {"uv": [11, 1.5, 12, 2], "texture": "#0"}
			}
		},
		{
			"from": [9.5001, 14.5001, 7.5001],
			"to": [10.9999, 14.9999, 8.4999],
			"rotation": {"angle": 0, "axis": "y", "origin": [8, 7.75, 8]},
			"faces": {
				"north": {"uv": [9.5, 1, 11, 1.5], "texture": "#0"},
				"east": {"uv": [9.5, 1, 11, 1.5], "texture": "#0"},
				"south": {"uv": [9.5, 1, 11, 1.5], "texture": "#0"},
				"west": {"uv": [9.5, 1, 11, 1.5], "texture": "#0"},
				"up": {"uv": [9.5, 1, 11, 1.5], "texture": "#0"},
				"down": {"uv": [9.5, 1, 11, 1.5], "texture": "#0"}
			}
		},
		{
			"from": [4.5001, 14.5001, 7.5001],
			"to": [5.4999, 14.9999, 8.4999],
			"rotation": {"angle": 0, "axis": "y", "origin": [8, 7.75, 8]},
			"faces": {
				"north": {"uv": [4.5, 1, 5.5, 1.5], "texture": "#0"},
				"east": {"uv": [4.5, 1, 5.5, 1.5], "texture": "#0"},
				"south": {"uv": [4.5, 1, 5.5, 1.5], "texture": "#0"},
				"west": {"uv": [4.5, 1, 5.5, 1.5], "texture": "#0"},
				"up": {"uv": [4.5, 1, 5.5, 1.5], "texture": "#0"},
				"down": {"uv": [4.5, 1, 5.5, 1.5], "texture": "#0"}
			}
		},
		{
			"from": [5.5001, 15.0001, 7.5001],
			"to": [9.4999, 15.4999, 8.4999],
			"rotation": {"angle": 0, "axis": "y", "origin": [8, 7.75, 8]},
			"faces": {
				"north": {"uv": [5.5, 0.5, 9.5, 1], "texture": "#0"},
				"east": {"uv": [5.5, 0.5, 9.5, 1], "texture": "#0"},
				"south": {"uv": [5.5, 0.5, 9.5, 1], "texture": "#0"},
				"west": {"uv": [5.5, 0.5, 9.5, 1], "texture": "#0"},
				"up": {"uv": [5.5, 0.5, 9.5, 1], "texture": "#0"},
				"down": {"uv": [5.5, 0.5, 9.5, 1], "texture": "#0"}
			}
		},
		{
			"from": [5.0001, 12.5001, 7.5001],
			"to": [7.9999, 12.9999, 8.4999],
			"rotation": {"angle": 0, "axis": "y", "origin": [8, 7.75, 8]},
			"faces": {
				"north": {"uv": [5, 3, 8, 3.5], "texture": "#0"},
				"east": {"uv": [5, 3, 8, 3.5], "texture": "#0"},
				"south": {"uv": [5, 3, 8, 3.5], "texture": "#0"},
				"west": {"uv": [5, 3, 8, 3.5], "texture": "#0"},
				"up": {"uv": [5, 3, 8, 3.5], "texture": "#0"},
				"down": {"uv": [5, 3, 8, 3.5], "texture": "#0"}
			}
		},
		{
			"from": [3.5001, 12.0001, 7.5001],
			"to": [4.9999, 12.4999, 8.4999],
			"rotation": {"angle": 0, "axis": "y", "origin": [8, 7.75, 8]},
			"faces": {
				"north": {"uv": [3.5, 3.5, 5, 4], "texture": "#0"},
				"east": {"uv": [3.5, 3.5, 5, 4], "texture": "#0"},
				"south": {"uv": [3.5, 3.5, 5, 4], "texture": "#0"},
				"west": {"uv": [3.5, 3.5, 5, 4], "texture": "#0"},
				"up": {"uv": [3.5, 3.5, 5, 4], "texture": "#0"},
				"down": {"uv": [3.5, 3.5, 5, 4], "texture": "#0"}
			}
		},
		{
			"from": [8.0001, 12.0001, 7.5001],
			"to": [9.4999, 12.4999, 8.4999],
			"rotation": {"angle": 0, "axis": "y", "origin": [8, 7.75, 8]},
			"faces": {
				"north": {"uv": [8, 3.5, 9.5, 4], "texture": "#0"},
				"east": {"uv": [8, 3.5, 9.5, 4], "texture": "#0"},
				"south": {"uv": [8, 3.5, 9.5, 4], "texture": "#0"},
				"west": {"uv": [8, 3.5, 9.5, 4], "texture": "#0"},
				"up": {"uv": [8, 3.5, 9.5, 4], "texture": "#0"},
				"down": {"uv": [8, 3.5, 9.5, 4], "texture": "#0"}
			}
		},
		{
			"from": [2.5001, 11.5001, 7.5001],
			"to": [3.4999, 11.9999, 8.4999],
			"rotation": {"angle": 0, "axis": "y", "origin": [8, 7.75, 8]},
			"faces": {
				"north": {"uv": [2.5, 4, 3.5, 4.5], "texture": "#0"},
				"east": {"uv": [2.5, 4, 3.5, 4.5], "texture": "#0"},
				"south": {"uv": [2.5, 4, 3.5, 4.5], "texture": "#0"},
				"west": {"uv": [2.5, 4, 3.5, 4.5], "texture": "#0"},
				"up": {"uv": [2.5, 4, 3.5, 4.5], "texture": "#0"},
				"down": {"uv": [2.5, 4, 3.5, 4.5], "texture": "#0"}
			}
		},
		{
			"from": [2.0001, 11.0001, 7.5001],
			"to": [2.4999, 11.4999, 8.4999],
			"rotation": {"angle": 0, "axis": "y", "origin": [8, 7.75, 8]},
			"faces": {
				"north": {"uv": [2, 4.5, 2.5, 5], "texture": "#0"},
				"east": {"uv": [2, 4.5, 2.5, 5], "texture": "#0"},
				"south": {"uv": [2, 4.5, 2.5, 5], "texture": "#0"},
				"west": {"uv": [2, 4.5, 2.5, 5], "texture": "#0"},
				"up": {"uv": [2, 4.5, 2.5, 5], "texture": "#0"},
				"down": {"uv": [2, 4.5, 2.5, 5], "texture": "#0"}
			}
		},
		{
			"from": [9.5001, 11.5001, 7.5001],
			"to": [9.9999, 11.9999, 8.4999],
			"rotation": {"angle": 0, "axis": "y", "origin": [8, 7.75, 8]},
			"faces": {
				"north": {"uv": [9.5, 4, 10, 4.5], "texture": "#0"},
				"east": {"uv": [9.5, 4, 10, 4.5], "texture": "#0"},
				"south": {"uv": [9.5, 4, 10, 4.5], "texture": "#0"},
				"west": {"uv": [9.5, 4, 10, 4.5], "texture": "#0"},
				"up": {"uv": [9.5, 4, 10, 4.5], "texture": "#0"},
				"down": {"uv": [9.5, 4, 10, 4.5], "texture": "#0"}
			}
		},
		{
			"from": [10.0001, 11.0001, 7.5001],
			"to": [10.4999, 11.4999, 8.4999],
			"rotation": {"angle": 0, "axis": "y", "origin": [8, 7.75, 8]},
			"faces": {
				"north": {"uv": [10, 4.5, 10.5, 5], "texture": "#0"},
				"east": {"uv": [10, 4.5, 10.5, 5], "texture": "#0"},
				"south": {"uv": [10, 4.5, 10.5, 5], "texture": "#0"},
				"west": {"uv": [10, 4.5, 10.5, 5], "texture": "#0"},
				"up": {"uv": [10, 4.5, 10.5, 5], "texture": "#0"},
				"down": {"uv": [10, 4.5, 10.5, 5], "texture": "#0"}
			}
		},
		{
			"from": [7.0001, 7.0001, 7.5001],
			"to": [7.4999, 7.9999, 8.4999],
			"rotation": {"angle": 0, "axis": "y", "origin": [8, 7.75, 8]},
			"faces": {
				"north": {"uv": [7, 8, 7.5, 9], "texture": "#0"},
				"east": {"uv": [7, 8, 7.5, 9], "texture": "#0"},
				"south": {"uv": [7, 8, 7.5, 9], "texture": "#0"},
				"west": {"uv": [7, 8, 7.5, 9], "texture": "#0"},
				"up": {"uv": [7, 8, 7.5, 8.5], "texture": "#0"},
				"down": {"uv": [7, 8.5, 7.5, 9], "texture": "#0"}
			}
		},
		{
			"from": [5.0001, 3.5001, 7.5001],
			"to": [5.4999, 3.9999, 8.4999],
			"rotation": {"angle": 0, "axis": "y", "origin": [8, 7.75, 8]},
			"faces": {
				"north": {"uv": [5, 12, 5.5, 12.5], "texture": "#0"},
				"east": {"uv": [5, 12, 5.5, 12.5], "texture": "#0"},
				"south": {"uv": [5, 12, 5.5, 12.5], "texture": "#0"},
				"west": {"uv": [5, 12, 5.5, 12.5], "texture": "#0"},
				"up": {"uv": [5, 12, 5.5, 12.5], "texture": "#0"},
				"down": {"uv": [5, 12, 5.5, 12.5], "texture": "#0"}
			}
		},
		{
			"from": [5.5001, 4.0001, 7.5001],
			"to": [5.9999, 4.4999, 8.4999],
			"rotation": {"angle": 0, "axis": "y", "origin": [8, 7.75, 8]},
			"faces": {
				"north": {"uv": [5.5, 11.5, 6, 12], "texture": "#0"},
				"east": {"uv": [5.5, 11.5, 6, 12], "texture": "#0"},
				"south": {"uv": [5.5, 11.5, 6, 12], "texture": "#0"},
				"west": {"uv": [5.5, 11.5, 6, 12], "texture": "#0"},
				"up": {"uv": [5.5, 11.5, 6, 12], "texture": "#0"},
				"down": {"uv": [5.5, 11.5, 6, 12], "texture": "#0"}
			}
		},
		{
			"from": [6.0001, 4.5001, 7.5001],
			"to": [6.4999, 4.9999, 8.4999],
			"rotation": {"angle": 0, "axis": "y", "origin": [8, 7.75, 8]},
			"faces": {
				"north": {"uv": [6, 11, 6.5, 11.5], "texture": "#0"},
				"east": {"uv": [6, 11, 6.5, 11.5], "texture": "#0"},
				"south": {"uv": [6, 11, 6.5, 11.5], "texture": "#0"},
				"west": {"uv": [6, 11, 6.5, 11.5], "texture": "#0"},
				"up": {"uv": [6, 11, 6.5, 11.5], "texture": "#0"},
				"down": {"uv": [6, 11, 6.5, 11.5], "texture": "#0"}
			}
		},
		{
			"from": [6.5001, 5.0001, 7.5001],
			"to": [6.9999, 5.4999, 8.4999],
			"rotation": {"angle": 0, "axis": "y", "origin": [8, 7.75, 8]},
			"faces": {
				"north": {"uv": [6.5, 10.5, 7, 11], "texture": "#0"},
				"east": {"uv": [6.5, 10.5, 7, 11], "texture": "#0"},
				"south": {"uv": [6.5, 10.5, 7, 11], "texture": "#0"},
				"west": {"uv": [6.5, 10.5, 7, 11], "texture": "#0"},
				"up": {"uv": [6.5, 10.5, 7, 11], "texture": "#0"},
				"down": {"uv": [6.5, 10.5, 7, 11], "texture": "#0"}
			}
		},
		{
			"from": [5.0001, 5.0001, 7.5001],
			"to": [5.4999, 5.4999, 8.4999],
			"rotation": {"angle": 0, "axis": "y", "origin": [8, 7.75, 8]},
			"faces": {
				"north": {"uv": [5, 10.5, 5.5, 11], "texture": "#0"},
				"east": {"uv": [5, 10.5, 5.5, 11], "texture": "#0"},
				"south": {"uv": [5, 10.5, 5.5, 11], "texture": "#0"},
				"west": {"uv": [5, 10.5, 5.5, 11], "texture": "#0"},
				"up": {"uv": [5, 10.5, 5.5, 11], "texture": "#0"},
				"down": {"uv": [5, 10.5, 5.5, 11], "texture": "#0"}
			}
		},
		{
			"from": [5.5001, 5.5001, 7.5001],
			"to": [5.9999, 5.9999, 8.4999],
			"rotation": {"angle": 0, "axis": "y", "origin": [8, 7.75, 8]},
			"faces": {
				"north": {"uv": [5.5, 10, 6, 10.5], "texture": "#0"},
				"east": {"uv": [5.5, 10, 6, 10.5], "texture": "#0"},
				"south": {"uv": [5.5, 10, 6, 10.5], "texture": "#0"},
				"west": {"uv": [5.5, 10, 6, 10.5], "texture": "#0"},
				"up": {"uv": [5.5, 10, 6, 10.5], "texture": "#0"},
				"down": {"uv": [5.5, 10, 6, 10.5], "texture": "#0"}
			}
		},
		{
			"from": [6.0001, 6.0001, 7.5001],
			"to": [6.4999, 6.4999, 8.4999],
			"rotation": {"angle": 0, "axis": "y", "origin": [8, 7.75, 8]},
			"faces": {
				"north": {"uv": [6, 9.5, 6.5, 10], "texture": "#0"},
				"east": {"uv": [6, 9.5, 6.5, 10], "texture": "#0"},
				"south": {"uv": [6, 9.5, 6.5, 10], "texture": "#0"},
				"west": {"uv": [6, 9.5, 6.5, 10], "texture": "#0"},
				"up": {"uv": [6, 9.5, 6.5, 10], "texture": "#0"},
				"down": {"uv": [6, 9.5, 6.5, 10], "texture": "#0"}
			}
		},
		{
			"from": [6.5001, 6.5001, 7.5001],
			"to": [6.9999, 6.9999, 8.4999],
			"rotation": {"angle": 0, "axis": "y", "origin": [8, 7.75, 8]},
			"faces": {
				"north": {"uv": [6.5, 9, 7, 9.5], "texture": "#0"},
				"east": {"uv": [6.5, 9, 7, 9.5], "texture": "#0"},
				"south": {"uv": [6.5, 9, 7, 9.5], "texture": "#0"},
				"west": {"uv": [6.5, 9, 7, 9.5], "texture": "#0"},
				"up": {"uv": [6.5, 9, 7, 9.5], "texture": "#0"},
				"down": {"uv": [6.5, 9, 7, 9.5], "texture": "#0"}
			}
		},
		{
			"from": [7.0001, 5.5001, 7.5001],
			"to": [7.4999, 5.9999, 8.4999],
			"rotation": {"angle": 0, "axis": "y", "origin": [8, 7.75, 8]},
			"faces": {
				"north": {"uv": [7, 10, 7.5, 10.5], "texture": "#0"},
				"east": {"uv": [7, 10, 7.5, 10.5], "texture": "#0"},
				"south": {"uv": [7, 10, 7.5, 10.5], "texture": "#0"},
				"west": {"uv": [7, 10, 7.5, 10.5], "texture": "#0"},
				"up": {"uv": [7, 10, 7.5, 10.5], "texture": "#0"},
				"down": {"uv": [7, 10, 7.5, 10.5], "texture": "#0"}
			}
		},
		{
			"from": [7.5001, 6.0001, 7.5001],
			"to": [7.9999, 6.4999, 8.4999],
			"rotation": {"angle": 0, "axis": "y", "origin": [8, 7.75, 8]},
			"faces": {
				"north": {"uv": [7.5, 9.5, 8, 10], "texture": "#0"},
				"east": {"uv": [7.5, 9.5, 8, 10], "texture": "#0"},
				"south": {"uv": [7.5, 9.5, 8, 10], "texture": "#0"},
				"west": {"uv": [7.5, 9.5, 8, 10], "texture": "#0"},
				"up": {"uv": [7.5, 9.5, 8, 10], "texture": "#0"},
				"down": {"uv": [7.5, 9.5, 8, 10], "texture": "#0"}
			}
		},
		{
			"from": [8.0001, 6.5001, 7.5001],
			"to": [8.4999, 6.9999, 8.4999],
			"rotation": {"angle": 0, "axis": "y", "origin": [8, 7.75, 8]},
			"faces": {
				"north": {"uv": [8, 9, 8.5, 9.5], "texture": "#0"},
				"east": {"uv": [8, 9, 8.5, 9.5], "texture": "#0"},
				"south": {"uv": [8, 9, 8.5, 9.5], "texture": "#0"},
				"west": {"uv": [8, 9, 8.5, 9.5], "texture": "#0"},
				"up": {"uv": [8, 9, 8.5, 9.5], "texture": "#0"},
				"down": {"uv": [8, 9, 8.5, 9.5], "texture": "#0"}
			}
		},
		{
			"from": [8.0001, 8.0001, 7.5001],
			"to": [8.4999, 8.4999, 8.4999],
			"rotation": {"angle": 0, "axis": "y", "origin": [8, 7.75, 8]},
			"faces": {
				"north": {"uv": [8, 7.5, 8.5, 8], "texture": "#0"},
				"east": {"uv": [8, 7.5, 8.5, 8], "texture": "#0"},
				"south": {"uv": [8, 7.5, 8.5, 8], "texture": "#0"},
				"west": {"uv": [8, 7.5, 8.5, 8], "texture": "#0"},
				"up": {"uv": [8, 7.5, 8.5, 8], "texture": "#0"},
				"down": {"uv": [8, 7.5, 8.5, 8], "texture": "#0"}
			}
		},
		{
			"from": [8.5001, 8.5001, 7.5001],
			"to": [8.9999, 8.9999, 8.4999],
			"rotation": {"angle": 0, "axis": "y", "origin": [8, 7.75, 8]},
			"faces": {
				"north": {"uv": [8.5, 7, 9, 7.5], "texture": "#0"},
				"east": {"uv": [8.5, 7, 9, 7.5], "texture": "#0"},
				"south": {"uv": [8.5, 7, 9, 7.5], "texture": "#0"},
				"west": {"uv": [8.5, 7, 9, 7.5], "texture": "#0"},
				"up": {"uv": [8.5, 7, 9, 7.5], "texture": "#0"},
				"down": {"uv": [8.5, 7, 9, 7.5], "texture": "#0"}
			}
		},
		{
			"from": [9.0001, 9.0001, 7.5001],
			"to": [9.4999, 9.4999, 8.4999],
			"rotation": {"angle": 0, "axis": "y", "origin": [8, 7.75, 8]},
			"faces": {
				"north": {"uv": [9, 6.5, 9.5, 7], "texture": "#0"},
				"east": {"uv": [9, 6.5, 9.5, 7], "texture": "#0"},
				"south": {"uv": [9, 6.5, 9.5, 7], "texture": "#0"},
				"west": {"uv": [9, 6.5, 9.5, 7], "texture": "#0"},
				"up": {"uv": [9, 6.5, 9.5, 7], "texture": "#0"},
				"down": {"uv": [9, 6.5, 9.5, 7], "texture": "#0"}
			}
		},
		{
			"from": [7.5001, 8.5001, 7.5001],
			"to": [7.9999, 8.9999, 8.4999],
			"rotation": {"angle": 0, "axis": "y", "origin": [8, 7.75, 8]},
			"faces": {
				"north": {"uv": [8, 7.5, 8.5, 8], "texture": "#0"},
				"east": {"uv": [8, 7.5, 8.5, 8], "texture": "#0"},
				"south": {"uv": [7.5, 7, 8, 7.5], "texture": "#0"},
				"west": {"uv": [8, 7.5, 8.5, 8], "texture": "#0"},
				"up": {"uv": [8, 7.5, 8.5, 8], "texture": "#0"},
				"down": {"uv": [8, 7.5, 8.5, 8], "texture": "#0"}
			}
		},
		{
			"from": [5.5001, 9.0001, 7.5001],
			"to": [5.9999, 9.4999, 8.4999],
			"rotation": {"angle": 0, "axis": "y", "origin": [8, 7.75, 8]},
			"faces": {
				"north": {"uv": [5.5, 6.5, 6, 7], "texture": "#0"},
				"east": {"uv": [5.5, 6.5, 6, 7], "texture": "#0"},
				"south": {"uv": [5.5, 6.5, 6, 7], "texture": "#0"},
				"west": {"uv": [5.5, 6.5, 6, 7], "texture": "#0"},
				"up": {"uv": [5.5, 6.5, 6, 7], "texture": "#0"},
				"down": {"uv": [5.5, 6.5, 6, 7], "texture": "#0"}
			}
		},
		{
			"from": [6.0001, 8.5001, 7.5001],
			"to": [6.4999, 8.9999, 8.4999],
			"rotation": {"angle": 0, "axis": "y", "origin": [8, 7.75, 8]},
			"faces": {
				"north": {"uv": [6, 7, 6.5, 7.5], "texture": "#0"},
				"east": {"uv": [6, 7, 6.5, 7.5], "texture": "#0"},
				"south": {"uv": [6, 7, 6.5, 7.5], "texture": "#0"},
				"west": {"uv": [6, 7, 6.5, 7.5], "texture": "#0"},
				"up": {"uv": [6, 7, 6.5, 7.5], "texture": "#0"},
				"down": {"uv": [6, 7, 6.5, 7.5], "texture": "#0"}
			}
		},
		{
			"from": [6.5001, 8.0001, 7.5001],
			"to": [6.9999, 8.4999, 8.4999],
			"rotation": {"angle": 0, "axis": "y", "origin": [8, 7.75, 8]},
			"faces": {
				"north": {"uv": [6.5, 7.5, 7, 8], "texture": "#0"},
				"east": {"uv": [6.5, 7.5, 7, 8], "texture": "#0"},
				"south": {"uv": [6.5, 7.5, 7, 8], "texture": "#0"},
				"west": {"uv": [6.5, 7.5, 7, 8], "texture": "#0"},
				"up": {"uv": [6.5, 7.5, 7, 8], "texture": "#0"},
				"down": {"uv": [6.5, 7.5, 7, 8], "texture": "#0"}
			}
		},
		{
			"from": [8.5001, 7.0001, 7.5001],
			"to": [8.9999, 7.4999, 8.4999],
			"rotation": {"angle": 0, "axis": "y", "origin": [8, 7.75, 8]},
			"faces": {
				"north": {"uv": [8.5, 8.5, 9, 9], "texture": "#0"},
				"east": {"uv": [8.5, 8.5, 9, 9], "texture": "#0"},
				"south": {"uv": [8.5, 8.5, 9, 9], "texture": "#0"},
				"west": {"uv": [8.5, 8.5, 9, 9], "texture": "#0"},
				"up": {"uv": [8.5, 8.5, 9, 9], "texture": "#0"},
				"down": {"uv": [8.5, 8.5, 9, 9], "texture": "#0"}
			}
		},
		{
			"from": [9.0001, 7.5001, 7.5001],
			"to": [9.4999, 7.9999, 8.4999],
			"rotation": {"angle": 0, "axis": "y", "origin": [8, 7.75, 8]},
			"faces": {
				"north": {"uv": [9, 8, 9.5, 8.5], "texture": "#0"},
				"east": {"uv": [9, 8, 9.5, 8.5], "texture": "#0"},
				"south": {"uv": [9, 8, 9.5, 8.5], "texture": "#0"},
				"west": {"uv": [9, 8, 9.5, 8.5], "texture": "#0"},
				"up": {"uv": [9, 8, 9.5, 8.5], "texture": "#0"},
				"down": {"uv": [9, 8, 9.5, 8.5], "texture": "#0"}
			}
		},
		{
			"from": [2.0001, 0.5001, 7.5001],
			"to": [2.4999, 0.9999, 8.4999],
			"rotation": {"angle": 0, "axis": "y", "origin": [8, 7.75, 8]},
			"faces": {
				"north": {"uv": [2, 15, 2.5, 15.5], "texture": "#0"},
				"east": {"uv": [2, 15, 2.5, 15.5], "texture": "#0"},
				"south": {"uv": [2, 15, 2.5, 15.5], "texture": "#0"},
				"west": {"uv": [2, 15, 2.5, 15.5], "texture": "#0"},
				"up": {"uv": [2, 15, 2.5, 15.5], "texture": "#0"},
				"down": {"uv": [2, 15, 2.5, 15.5], "texture": "#0"}
			}
		},
		{
			"from": [1.5001, 1.0001, 7.5001],
			"to": [1.9999, 1.4999, 8.4999],
			"rotation": {"angle": 0, "axis": "y", "origin": [8, 7.75, 8]},
			"faces": {
				"north": {"uv": [1.5, 14.5, 2, 15], "texture": "#0"},
				"east": {"uv": [1.5, 14.5, 2, 15], "texture": "#0"},
				"south": {"uv": [1.5, 14.5, 2, 15], "texture": "#0"},
				"west": {"uv": [1.5, 14.5, 2, 15], "texture": "#0"},
				"up": {"uv": [1.5, 14.5, 2, 15], "texture": "#0"},
				"down": {"uv": [1.5, 14.5, 2, 15], "texture": "#0"}
			}
		},
		{
			"from": [1.0001, 2.5001, 7.5001],
			"to": [1.4999, 2.9999, 8.4999],
			"rotation": {"angle": 0, "axis": "y", "origin": [8, 7.75, 8]},
			"faces": {
				"north": {"uv": [1, 13, 1.5, 13.5], "texture": "#0"},
				"east": {"uv": [1, 13, 1.5, 13.5], "texture": "#0"},
				"south": {"uv": [1, 13, 1.5, 13.5], "texture": "#0"},
				"west": {"uv": [1, 13, 1.5, 13.5], "texture": "#0"},
				"up": {"uv": [1, 13, 1.5, 13.5], "texture": "#0"},
				"down": {"uv": [1, 13, 1.5, 13.5], "texture": "#0"}
			}
		},
		{
			"from": [1.5001, 3.0001, 7.5001],
			"to": [1.9999, 3.4999, 8.4999],
			"rotation": {"angle": 0, "axis": "y", "origin": [8, 7.75, 8]},
			"faces": {
				"north": {"uv": [1.5, 12.5, 2, 13], "texture": "#0"},
				"east": {"uv": [1.5, 12.5, 2, 13], "texture": "#0"},
				"south": {"uv": [1.5, 12.5, 2, 13], "texture": "#0"},
				"west": {"uv": [1.5, 12.5, 2, 13], "texture": "#0"},
				"up": {"uv": [1.5, 12.5, 2, 13], "texture": "#0"},
				"down": {"uv": [1.5, 12.5, 2, 13], "texture": "#0"}
			}
		},
		{
			"from": [4.0001, 2.5001, 7.5001],
			"to": [4.4999, 2.9999, 8.4999],
			"rotation": {"angle": 0, "axis": "y", "origin": [8, 7.75, 8]},
			"faces": {
				"north": {"uv": [4, 13, 4.5, 13.5], "texture": "#0"},
				"east": {"uv": [4, 13, 4.5, 13.5], "texture": "#0"},
				"south": {"uv": [4, 13, 4.5, 13.5], "texture": "#0"},
				"west": {"uv": [4, 13, 4.5, 13.5], "texture": "#0"},
				"up": {"uv": [4, 13, 4.5, 13.5], "texture": "#0"},
				"down": {"uv": [4, 13, 4.5, 13.5], "texture": "#0"}
			}
		},
		{
			"from": [10.5001, 9.5001, 7.5001],
			"to": [13.9999, 12.9999, 8.4999],
			"rotation": {"angle": 0, "axis": "y", "origin": [8, 7.75, 8]},
			"faces": {
				"north": {"uv": [10.5, 3, 14, 6.5], "texture": "#0"},
				"east": {"uv": [13.5, 3, 14, 6.5], "texture": "#0"},
				"south": {"uv": [10.5, 3, 14, 6.5], "texture": "#0"},
				"west": {"uv": [10.5, 3, 11, 6.5], "texture": "#0"},
				"up": {"uv": [10.5, 3, 14, 3.5], "texture": "#0"},
				"down": {"uv": [10.5, 6, 14, 6.5], "texture": "#0"}
			}
		},
		{
			"from": [3.5001, 3.0001, 7.5001],
			"to": [3.9999, 3.4999, 8.4999],
			"rotation": {"angle": 0, "axis": "y", "origin": [8, 7.75, 8]},
			"faces": {
				"north": {"uv": [3.5, 12.5, 4, 13], "texture": "#0"},
				"east": {"uv": [3.5, 12.5, 4, 13], "texture": "#0"},
				"south": {"uv": [3.5, 12.5, 4, 13], "texture": "#0"},
				"west": {"uv": [3.5, 12.5, 4, 13], "texture": "#0"},
				"up": {"uv": [3.5, 12.5, 4, 13], "texture": "#0"},
				"down": {"uv": [3.5, 12.5, 4, 13], "texture": "#0"}
			}
		},
		{
			"from": [2.0001, 3.5001, 7.5001],
			"to": [2.4999, 3.9999, 8.4999],
			"rotation": {"angle": 0, "axis": "y", "origin": [8, 7.75, 8]},
			"faces": {
				"north": {"uv": [2, 12, 2.5, 12.5], "texture": "#0"},
				"east": {"uv": [2, 12, 2.5, 12.5], "texture": "#0"},
				"south": {"uv": [2, 12, 2.5, 12.5], "texture": "#0"},
				"west": {"uv": [2, 12, 2.5, 12.5], "texture": "#0"},
				"up": {"uv": [2, 12, 2.5, 12.5], "texture": "#0"},
				"down": {"uv": [2, 12, 2.5, 12.5], "texture": "#0"}
			}
		},
		{
			"from": [0.5001, 2.0001, 7.5001],
			"to": [0.9999, 2.4999, 8.4999],
			"rotation": {"angle": 0, "axis": "y", "origin": [8, 7.75, 8]},
			"faces": {
				"north": {"uv": [0.5, 13.5, 1, 14], "texture": "#0"},
				"east": {"uv": [0.5, 13.5, 1, 14], "texture": "#0"},
				"south": {"uv": [0.5, 13.5, 1, 14], "texture": "#0"},
				"west": {"uv": [0.5, 13.5, 1, 14], "texture": "#0"},
				"up": {"uv": [0.5, 13.5, 1, 14], "texture": "#0"},
				"down": {"uv": [0.5, 13.5, 1, 14], "texture": "#0"}
			}
		},
		{
			"from": [1.0001, 1.5001, 7.5001],
			"to": [1.4999, 1.9999, 8.4999],
			"rotation": {"angle": 0, "axis": "y", "origin": [8, 7.75, 8]},
			"faces": {
				"north": {"uv": [1, 14, 1.5, 14.5], "texture": "#0"},
				"east": {"uv": [1, 14, 1.5, 14.5], "texture": "#0"},
				"south": {"uv": [1, 14, 1.5, 14.5], "texture": "#0"},
				"west": {"uv": [1, 14, 1.5, 14.5], "texture": "#0"},
				"up": {"uv": [1, 14, 1.5, 14.5], "texture": "#0"},
				"down": {"uv": [1, 14, 1.5, 14.5], "texture": "#0"}
			}
		},
		{
			"from": [2.5001, 4.0001, 7.5001],
			"to": [2.9999, 4.4999, 8.4999],
			"rotation": {"angle": 0, "axis": "y", "origin": [8, 7.75, 8]},
			"faces": {
				"north": {"uv": [2.5, 11.5, 3, 12], "texture": "#0"},
				"east": {"uv": [2.5, 11.5, 3, 12], "texture": "#0"},
				"south": {"uv": [2.5, 11.5, 3, 12], "texture": "#0"},
				"west": {"uv": [2.5, 11.5, 3, 12], "texture": "#0"},
				"up": {"uv": [2.5, 11.5, 3, 12], "texture": "#0"},
				"down": {"uv": [2.5, 11.5, 3, 12], "texture": "#0"}
			}
		},
		{
			"from": [3.0001, 0.5001, 7.5001],
			"to": [3.4999, 0.9999, 8.4999],
			"rotation": {"angle": 0, "axis": "y", "origin": [8, 7.75, 8]},
			"faces": {
				"north": {"uv": [3, 15, 3.5, 15.5], "texture": "#0"},
				"east": {"uv": [3, 15, 3.5, 15.5], "texture": "#0"},
				"south": {"uv": [3, 15, 3.5, 15.5], "texture": "#0"},
				"west": {"uv": [3, 15, 3.5, 15.5], "texture": "#0"},
				"up": {"uv": [3, 15, 3.5, 15.5], "texture": "#0"},
				"down": {"uv": [3, 15, 3.5, 15.5], "texture": "#0"}
			}
		},
		{
			"from": [4.5001, 2.0001, 7.5001],
			"to": [4.9999, 2.4999, 8.4999],
			"rotation": {"angle": 0, "axis": "y", "origin": [8, 7.75, 8]},
			"faces": {
				"north": {"uv": [4.5, 13.5, 5, 14], "texture": "#0"},
				"east": {"uv": [4.5, 13.5, 5, 14], "texture": "#0"},
				"south": {"uv": [4.5, 13.5, 5, 14], "texture": "#0"},
				"west": {"uv": [4.5, 13.5, 5, 14], "texture": "#0"},
				"up": {"uv": [4.5, 13.5, 5, 14], "texture": "#0"},
				"down": {"uv": [4.5, 13.5, 5, 14], "texture": "#0"}
			}
		},
		{
			"from": [3.0001, 3.5001, 7.5001],
			"to": [3.4999, 3.9999, 8.4999],
			"rotation": {"angle": 0, "axis": "y", "origin": [8, 7.75, 8]},
			"faces": {
				"north": {"uv": [3, 12, 3.5, 12.5], "texture": "#0"},
				"east": {"uv": [3, 12, 3.5, 12.5], "texture": "#0"},
				"south": {"uv": [3, 12, 3.5, 12.5], "texture": "#0"},
				"west": {"uv": [3, 12, 3.5, 12.5], "texture": "#0"},
				"up": {"uv": [3, 12, 3.5, 12.5], "texture": "#0"},
				"down": {"uv": [3, 12, 3.5, 12.5], "texture": "#0"}
			}
		},
		{
			"from": [4.0001, 1.5001, 7.5001],
			"to": [4.4999, 1.9999, 8.4999],
			"rotation": {"angle": 0, "axis": "y", "origin": [8, 7.75, 8]},
			"faces": {
				"north": {"uv": [4, 14, 4.5, 14.5], "texture": "#0"},
				"east": {"uv": [4, 14, 4.5, 14.5], "texture": "#0"},
				"south": {"uv": [4, 14, 4.5, 14.5], "texture": "#0"},
				"west": {"uv": [4, 14, 4.5, 14.5], "texture": "#0"},
				"up": {"uv": [4, 14, 4.5, 14.5], "texture": "#0"},
				"down": {"uv": [4, 14, 4.5, 14.5], "texture": "#0"}
			}
		},
		{
			"from": [3.5001, 1.0001, 7.5001],
			"to": [3.9999, 1.4999, 8.4999],
			"rotation": {"angle": 0, "axis": "y", "origin": [8, 7.75, 8]},
			"faces": {
				"north": {"uv": [3.5, 14.5, 4, 15], "texture": "#0"},
				"east": {"uv": [3.5, 14.5, 4, 15], "texture": "#0"},
				"south": {"uv": [3.5, 14.5, 4, 15], "texture": "#0"},
				"west": {"uv": [3.5, 14.5, 4, 15], "texture": "#0"},
				"up": {"uv": [3.5, 14.5, 4, 15], "texture": "#0"},
				"down": {"uv": [3.5, 14.5, 4, 15], "texture": "#0"}
			}
		},
		{
			"name": "2d",
			"from": [0, 0, 7.5],
			"to": [16, 16, 8.5],
			"rotation": {"angle": 0, "axis": "y", "origin": [8, 7.75, 8]},
			"faces": {
				"north": {"uv": [16, 0, 0, 16], "texture": "#0"},
				"east": {"uv": [15.5, 0, 16, 16], "texture": "#0"},
				"south": {"uv": [0, 0, 16, 16], "texture": "#0"},
				"west": {"uv": [0, 0, 0.5, 16], "texture": "#0"},
				"up": {"uv": [0, 0, 16, 0.5], "texture": "#0"},
				"down": {"uv": [0, 15.5, 16, 16], "texture": "#0"}
			}
		}
	],
	"display": {
		"thirdperson_righthand": {
			"rotation": [0, -90, 45],
			"translation": [0, 2.5, 0.5],
			"scale": [3.25, 3.25, 3.25]
		},
		"thirdperson_lefthand": {
			"rotation": [0, 90, -45],
			"translation": [0, 2.5, 0.5],
			"scale": [3.25, 3.25, 3.25]
		},
		"firstperson_righthand": {
			"rotation": [-90, -75, -65],
			"translation": [0, 1.25, 0]
		},
		"firstperson_lefthand": {
			"rotation": [90, 75, -115],
			"translation": [0, 1.25, 0]
		},
		"ground": {
			"translation": [0, 5, 0],
			"scale": [3.25, 3.25, 3.25]
		},
		"gui": {
			"scale": [3.25, 3.25, 3.25]
		},
		"fixed": {
			"scale": [3.25, 3.25, 3.25]
		}
	},
	"groups": [
		{
			"name": "Scythe",
			"origin": [2.75, 0.25, 8],
			"color": 0,
			"children": [
				0,
				1,
				2,
				3,
				4,
				5,
				6,
				7,
				8,
				9,
				10,
				11,
				12,
				13,
				14,
				15,
				16,
				17,
				18,
				19,
				20,
				21,
				22,
				23,
				24,
				25,
				26,
				27,
				28,
				29,
				30,
				31,
				32,
				33,
				34,
				35,
				36,
				37,
				38,
				39,
				40,
				41,
				42,
				43,
				44,
				45,
				46,
				47,
				48,
				49,
				50,
				51,
				52,
				53,
				54,
				55,
				56,
				57,
				58,
				59,
				60,
				61,
				62,
				63,
				64,
				65,
				66,
				67,
				68,
				69,
				70,
				71,
				72
			]
		}
	]
}